OPS 6582 (TRANSIT 5B-5)
1 00965U 64083D   26190.05818001  .00000037  00000-0  39475-4 0  9994
2 00965  90.0755 203.2144 0040456 211.4406 168.1320 13.57014823 46589
LES-1
1 01002U 65008C   26189.76527921  .00000005  00000-0  39667-3 0  9996
2 01002  32.1484 353.5941 0015398 347.3731  12.6379  9.88354818218329
SOLRAD 7B
1 01291U 65016D   26189.69449171  .00000003  00000-0  40772-4 0  9995
2 01291  70.0771 190.5386 0018372  93.2090 267.1118 13.94978074119709
SECOR 4 (EGRS 4)
1 01315U 65027B   26190.77938866 -.00000028  00000-0  13151-3 0  9997
2 01315  90.2488  16.0857 0032262 138.9900 281.0937 12.92668074889847
TIROS 10
1 01430U 65051A   26190.25294154  .00000076  00000-0  36567-4 0  9999
2 01430  98.5060 309.4891 0055483  14.0677 346.2042 14.41638508199091
ALOUETTE 2
1 01804U 65098A   26190.15707439  .00000483  00000-0  15534-3 0  9991
2 01804  79.7979 257.9590 1330565 187.9668 169.8222 12.28370450681971
OV3-3
1 02389U 66070A   26190.74131873  .00011495  00000-0  50718-3 0  9997
2 02389  81.3264 311.1054 1009232  99.1568 272.4975 13.46146190602007
SECOR 7 (EGRS 7)
1 02411U 66077B   26188.23177829 -.00000001  00000-0  12855-2 0  9993
2 02411  90.3367 277.6765 0011342  40.1785 319.9904  8.59615285879103
ERS 15
1 02412U 66077C   26189.17538033  .00000002  00000-0  00000-0 0  9993
2 02412  90.3371 277.4806 0006885  49.4520 310.6930  8.59079516392263
ISIS 1
1 03669U 69009A   26190.58587970  .00000053  00000-0  32127-4 0  9992
2 03669  88.4448 141.9397 1707034 202.9797 148.5125 11.30436107362300
SECOR 13 (EGRS 13)
1 03891U 69037B   26189.92444630 -.00000039  00000-0  61777-5 0  9990
2 03891  99.6457  60.4649 0039205 196.8816 232.4690 13.42977737804671
ATS 5
1 04068U 69069A   26190.79815166  .00000039  00000-0  00000-0 0  9991
2 04068   0.2853 141.1226 0005209 135.2006  16.7684  0.99487070 46554
OPS 7613 (P/L 4)
1 04237U 69082E   26190.03926774 -.00000012  00000-0  29919-4 0  9995
2 04237  70.0147  57.2099 0017988 103.2745  46.6088 13.95999796889356
OPS 7613 (P/L 1)
1 04256U 69082B   26190.18324797  .00000031  00000-0  57831-4 0  9993
2 04256  70.0099 277.7619 0018151  29.6903 330.5231 13.99202797893543
SHINSEI (MS-F2)
1 05485U 71080A   26189.48374456  .00000070  00000-0  84087-4 0  9993
2 05485  32.0568  10.9765 0639890 179.9329 180.1417 12.74254121551979
PROSPERO (BLACK ARROW)
1 05580U 71093A   26190.21531684  .00001619  00000-0  34161-3 0  9991
2 05580  82.0380 271.4931 0501680 163.8364 197.9498 14.01679129751616
OPS 7898 (P/L 2)
1 05680U 71110C   26190.28887777 -.00000019  00000-0  33073-4 0  9992
2 05680  69.9910 317.3074 0006609 159.4617 200.6745 13.74760575351259
NOAA 2 (ITOS-D)
1 06235U 72082A   26190.06611782 -.00000036  00000-0  64528-4 0  9993
2 06235 102.0073 208.8771 0004521 125.8403 252.1592 12.53215688457697
OSCAR 7 (AO-7)
1 07530U 74089B   26190.32897198 -.00000038  00000-0  49724-4 0  9990
2 07530 101.9902 203.8062 0012663  89.1895 342.2557 12.53698424363293
TIROS N
1 11060U 78096A   26190.06158237  .00000058  00000-0  47435-4 0  9998
2 11060  98.4528 210.1235 0010536 172.2384 187.8958 14.19381243681852
PHASE 3B (AO-10)
1 14129U 83058B   26189.24859908  .00000202  00000-0  00000-0 0  9996
2 14129  25.9305 216.0918 6003827 121.4539 310.7883  2.05869766295927
HILAT
1 14154U 83063A   26190.65500300  .00000236  00000-0  71169-4 0  9991
2 14154  82.0251 140.1396 0038139 221.0607 312.6641 14.38725502250817
UOSAT 2 (UO-11)
1 14781U 84021B   26190.70623792  .00000917  00000-0  98723-4 0  9990
2 14781  97.8072 156.0317 0009168 106.4358 253.7868 14.90840274260488
NOAA 9
1 15427U 84123A   26190.74075859  .00000039  00000-0  42523-4 0  9992
2 15427  99.0983 217.9008 0013594 287.3152 203.4977 14.17073939146610
GEOSAT
1 15595U 85021A   26190.24041805  .00000056  00000-0  61072-4 0  9994
2 15595 108.0410 127.3378 0001728 295.6619  64.4345 14.39977098165946
EUTELSAT 1-F4 (ECS 4)
1 18351U 87078B   26190.60526596 -.00000178  00000-0  00000-0 0  9992
2 18351  13.8123 341.9687 0010141  46.5777 300.3031  0.98691051126973
PACSAT (AO-16)
1 20439U 90005D   26190.07720069  .00000065  00000-0  39803-4 0  9999
2 20439  98.8513 226.2691 0010937 161.8631 225.4642 14.33943450905070
LUSAT (LO-19)
1 20442U 90005G   26190.01952797  .00000058  00000-0  37536-4 0  9995
2 20442  98.8846 212.4261 0012308 138.2781 221.9344 14.34129510905525
IRS-1B
1 21688U 91061A   26190.75924455  .00000088  00000-0  95005-4 0  9990
2 21688  99.4110 199.2685 0023352 303.1047 230.2294 13.97874918671647
COSMOS 2197
1 22034U 92042A   26190.06346911  .00000028  00000-0  94446-4 0  9997
2 22034  82.5918 214.9558 0011842 219.7757 168.2446 12.64252501568057
PEGASUS R/B
1 22491U 93009C   26190.64166927  .00000580  00000-0  79296-4 0  9998
2 22491  24.9786 308.7132 0043980 349.4953  10.4639 14.57997064772912
EYESAT A (AO-27)
1 22825U 93061C   26190.16568541  .00000044  00000-0  33846-4 0  9998
2 22825  98.6870 257.5702 0009081  42.3993 317.7889 14.30948062710148
ITAMSAT (IO-26)
1 22826U 93061D   26190.13853778  .00000039  00000-0  31710-4 0  9997
2 22826  98.6818 257.4628 0009315  26.5022 333.6635 14.31375523710451
RADIO ROSTO (RS15)
1 23439U 94085A   26190.82038807 -.00000037  00000-0  15634-3 0  9994
2 23439  64.8161 266.6132 0156721 359.6983   0.3824 11.27583503298450
JAS-2 (FO-29)
1 24278U 96046B   26190.04746765  .00000001  00000-0  35079-4 0  9994
2 24278  98.5224  35.9232 0350601  39.8653 322.7685 13.53275148476120
FORTE
1 24920U 97047A   26189.81004418  .00000116  00000-0  69989-4 0  9999
2 24920  69.9546 325.1792 0024489 251.2143 108.6323 14.27953747501774
NOAA 15
1 25338U 98030A   26190.27030919  .00000100  00000-0  58587-4 0  9998
2 25338  98.5063 210.3058 0009023 284.5722  75.4458 14.27153199464444
TECHSAT 1B (GO-32)
1 25397U 98043D   26190.68260220  .00000032  00000-0  34171-4 0  9999
2 25397  99.0080 184.0097 0002038 123.5145 236.6227 14.24432637454532
ISS (ZARYA)
1 25544U 98067A   26190.70194686  .00005376  00000-0  10580-3 0  9997
2 25544  51.6304 188.6620 0006668 275.8666  84.1562 15.48959671575242
ORSTED
1 25635U 99008B   26189.61588993  .00000414  00000-0  98462-4 0  9994
2 25635  96.4810  92.2620 0133390 117.5988 243.8831 14.51827687445078
LANDSAT 7
1 25682U 99020A   26190.87816183  .00000256  00000-0  57417-4 0  9994
2 25682  97.8586 193.4743 0001651  78.9581  37.7874 14.63935882449169
ORBCOMM FM36
1 25984U 99065E   26189.97433507  .00000606  00000-0  23917-3 0  9998
2 25984  45.0392  56.1526 0003666  73.8436 286.2816 14.39240740390122
DMSP 5D-3 F15 (USA 147)
1 25991U 99067A   26190.31480499  .00000058  00000-0  51162-4 0  9995
2 25991  98.9951 229.1449 0008952 302.8951 111.4744 14.17570395373784
OPAL (OO-38)
1 26063U 00004C   26190.58218814  .00000067  00000-0  41530-4 0  9996
2 26063 100.1911 131.5357 0035479 332.9527  26.9805 14.37973096386507
IMAGE
1 26113U 00017A   26187.24790595 -.00000011  00000-0  00000-0 0  9999
2 26113  94.2437 315.6222 7418848 285.6487   9.6557  1.68666489161829
CLUSTER II-FM7 (SAMBA)
1 26410U 00041A   26192.68021872  .00012833  00000-0  00000-0 0  9999
2 26410 149.8437  55.3938 9082312 272.8334 359.6328  0.44896530 20421
CLUSTER II-FM8 (TANGO)
1 26464U 00045B   26188.69922144  .00008170  00000-0  00000-0 0  9999
2 26464 150.0768  55.7803 9084328 273.0277   2.3481  0.44419476 20404
MEGSAT-1
1 26546U 00057B   26190.72860288  .00001782  00000-0  13328-3 0  9992
2 26546  64.5506 356.8718 0042932 281.1945  78.4347 15.05613554401057
PHASE 3D (AO-40)
1 26609U 00072B   26190.56791032 -.00000052  00000-0  00000-0 0  9991
2 26609   9.3971 347.4007 7932501 185.5135 152.0945  1.25588822117796
ODIN
1 26702U 01007A   26190.06702813  .00259510  00000-0  10279-2 0  9993
2 26702  97.3749 232.5556 0005045 142.3922 217.7703 15.86075988392854
OMNI-M1
1 26857U 01026A   26183.00645506  .00000007  00000-0  00000-0 0  9990
2 26857  44.8270 241.8483 0013800  56.1769 304.0224  3.92402003206153
PCSAT (NO-44)
1 26931U 01043C   26190.71931582  .00000061  00000-0  53843-4 0  9997
2 26931  67.0489 185.9927 0005974 266.2577  93.7842 14.31963636293670
PROBA-1
1 26958U 01049B   26190.83670944  .00002076  00000-0  13622-3 0  9995
2 26958  97.9606 200.1602 0055959  47.3405 313.2518 15.07598868347033
SPOT 5
1 27421U 02021A   26190.04368684  .00000190  00000-0  50055-4 0  9997
2 27421  97.9837 227.9380 0128918 207.9039 151.5206 14.54765544266022
FENGYUN 1D
1 27431U 02024B   26190.85224439  .00000067  00000-0  62788-4 0  9998
2 27431  98.9508 241.0781 0015491 175.1564 184.9759 14.10227351242670
SAUDISAT 1C (SO-50)
1 27607U 02058C   26190.07047632  .00000528  00000-0  80073-4 0  9991
2 27607  64.5518  61.2774 0074702 258.4036 100.8678 14.83090961267701
CORIOLIS
1 27640U 03001A   26190.53456389  .00000060  00000-0  48552-4 0  9998
2 27640  98.7131 197.0783 0014680 144.6326 215.5827 14.19950705217393
CUTE-1 (CO-55)
1 27844U 03031E   26189.95445865  .00000197  00000-0  10410-3 0  9990
2 27844  98.6739 198.2397 0010685 118.8005 241.4249 14.24348882194779
CUBESAT XI-IV (CO-57)
1 27848U 03031J   26189.46187375  .00000184  00000-0  99678-4 0  9999
2 27848  98.6772 197.4488 0010259 137.0463 223.1519 14.23632050194409
MOZHAETS 4 (RS22)
1 27939U 03042A   26190.90199990  .00001018  00000-0  16487-3 0  9992
2 27939  98.3481  15.9040 0010788 190.2727 278.6487 14.73509643218898
IRS-P6 (RESOURCESAT-1)
1 28051U 03046A   26190.87920713 -.00000058  00000-0  55314-5 0  9991
2 28051  98.1899 226.2811 0062768 274.3177 189.3703 14.36168837183789
SAUDISAT 2
1 28371U 04025F   26189.94076335  .00000161  00000-0  47011-4 0  9990
2 28371  98.5515 190.4855 0023746 228.0122 131.9053 14.56696036168910
COSMOS 2407
1 28380U 04028A   26189.65584326  .00000035  00000-0  20591-4 0  9999
2 28380  82.9591  58.9321 0038867 190.3745 223.9553 13.76336274102831
COSMOS 2414
1 28521U 05002A   26190.30822182  .00000050  00000-0  29380-4 0  9990
2 28521  82.9485  26.9097 0038667 266.2547  93.4195 13.87927814 86882
INMARSAT 4-F1
1 28628U 05009A   26190.74670014  .00000040  00000-0  00000-0 0  9991
2 28628   5.1976  42.7761 0002584  72.8014 259.0201  1.00271478 77894
HAMSAT (VO-52)
1 28650U 05017B   26190.78843742  .00002748  00000-0  17322-3 0  9994
2 28650  97.9908 214.8185 0017778 323.9746  36.0282 15.09933228150175
NOAA 18
1 28654U 05018A   26190.76984911  .00000008  00000-0  27405-4 0  9992
2 28654  98.8110 270.1190 0015371  87.5203 272.7730 14.13733336 89500
SJ-7
1 28737U 05024A   26189.65909803  .00005056  00000-0  22498-3 0  9998
2 28737  97.7282 220.3434 0014080 321.8620  38.1617 15.21872739151296
CUBESAT XI-V
1 28895U 05043F   26190.68856933  .00000955  00000-0  15777-3 0  9999
2 28895  98.3008 346.7863 0015063 131.3789 228.8716 14.72693331105061
CLOUDSAT
1 29107U 06016A   26190.83507714  .00000624  00000-0  77524-4 0  9996
2 29107  98.3917 229.3802 0003923 254.6386 105.4395 14.86439087 77871
CALIPSO
1 29108U 06016B   26190.83715525  .00000702  00000-0  12755-3 0  9999
2 29108  98.4469 207.2730 0001238 110.6604 249.4733 14.69393661 76389
HINODE (SOLAR-B)
1 29479U 06041A   26190.53241804  .00000448  00000-0  85354-4 0  9992
2 29479  98.0547 206.3555 0016593 213.0153 147.0018 14.68653645 58159
METOP-A
1 29499U 06044A   26190.77869081  .00000763  00000-0  94447-4 0  9999
2 29499  98.3347 298.1909 0173551 357.7852 119.9026 14.76040312 28787
SHIJIAN-6 02B (SJ-6 02B)
1 29506U 06046B   26190.80596392  .00000481  00000-0  41968-4 0  9993
2 29506  97.7155 219.7246 0014060 354.3621   5.7443 15.01430206 74134
DMSP 5D-3 F17 (USA 191)
1 29522U 06050A   26190.79728354 -.00000020  00000-0  12051-4 0  9990
2 29522  98.7384 196.9051 0010052 358.5243   1.5900 14.14995893 15622
LAPAN-TUBSAT
1 29709U 07001A   26190.81242777  .00000116  00000-0  19898-4 0  9998
2 29709  98.1353 190.5470 0013462 109.6644 250.6024 14.85971430 54516
HAIYANG-1B
1 31113U 07010A   26190.65907088  .00000056  00000-0  37059-4 0  9997
2 31113  98.3510 171.6342 0014450 131.0911 229.1523 14.31032387  3853
BEIDOU-2 M1
1 31115U 07011A   26188.67753054  .00000073  00000-0  00000-0 0  9992
2 31115  50.9255 218.5969 0001948 328.3789  31.6747  1.77349359 76516
CAPE-1
1 31130U 07012P   26189.89082184  .00001076  00000-0  20095-3 0  9997
2 31130  98.4473 164.9681 0083531   4.4863 355.7069 14.64941961 21536
CBERS 2B
1 32062U 07042A   26190.61556888  .00000125  00000-0  51731-4 0  9990
2 32062  98.3930 134.8749 0029677 267.3815 270.0242 14.41487253987916
COSMO-SKYMED 2
1 32376U 07059A   26190.84456272  .00000320  00000-0  46821-4 0  9998
2 32376  97.8891  14.1144 0001422  93.1792 266.9584 14.82147829  5360
CARTOSAT-2A
1 32783U 08021A   26190.84216510  .00000626  00000-0  90847-4 0  9995
2 32783  97.7624 238.7763 0012877  43.3728 316.8495 14.79273309982154
CUTE-1.7+APD II (CO-65)
1 32785U 08021C   26190.85228278  .00003026  00000-0  19206-3 0  9998
2 32785  97.8283 172.7468 0007395 321.0588  39.0107 15.09668455988611
SEEDS II (CO-66)
1 32791U 08021J   26189.93516932  .00012773  00000-0  39659-3 0  9992
2 32791  97.7528 188.8830 0002351 170.9352 189.1933 15.33517693990629
YUBILEINY (RS30)
1 32953U 08025A   26190.79327767  .00000103  00000-0  67330-3 0  9999
2 32953  82.5058 341.3769 0018533 261.5134  98.3845 12.43180747822508
FENGYUN 3A
1 32958U 08026A   26190.74299394  .00000025  00000-0  32429-4 0  9999
2 32958  98.6887 131.1547 0009815  65.9784 294.2419 14.19575738938606
HUANJING 1A (HJ-1A)
1 33320U 08041A   26190.88900065  .00000126  00000-0  21219-4 0  9996
2 33320  97.6696 175.8507 0020564  65.8097 294.5264 14.84038780961776
HUANJING 1B (HJ-1B)
1 33321U 08041B   26190.86848527  .00001001  00000-0  12684-3 0  9997
2 33321  97.6533 178.9340 0037880 108.0313 252.5035 14.83360160961775
SHIJIAN-6 03A (SJ-6 03A)
1 33408U 08053A   26190.86725163  .00002464  00000-0  12690-3 0  9997
2 33408  97.8409 224.9775 0009568 298.0753  61.9512 15.17383485966409
SHIJIAN-6 03B (SJ-6 03B)
1 33409U 08053B   26190.84820997  .00000702  00000-0  54829-4 0  9991
2 33409  97.8584 211.1150 0018277 329.9924  30.0252 15.04373828966156
CHUANGXIN 1-02 (CX-1-02)
1 33434U 08056B   26190.82541850 -.00000019  00000-0  95325-5 0  9997
2 33434  98.6134 216.8656 0015500  75.0817 285.2081 14.30157540921854
STARS (KUKAI)
1 33498U 09002G   26190.76221336  .00001761  00000-0  16294-3 0  9996
2 33498  98.1555 138.9952 0010069  94.0114 266.2257 14.95908175941850
KKS-1 (KISEKI)
1 33499U 09002H   26190.78988830  .00000828  00000-0  10830-3 0  9991
2 33499  98.1179 113.5903 0006992 207.8239 152.2601 14.83181134939545
NOAA 19
1 33591U 09005A   26190.77271470  .00000001  00000-0  24419-4 0  9993
2 33591  98.9511 261.6629 0013133 330.4621  29.5808 14.13477709897670
UK-DMC 2
1 35683U 09041C   26190.79948931  .00000694  00000-0  10777-3 0  9991
2 35683  97.8861 325.2172 0001451 102.0765 258.0607 14.76090056909903
METEOR-M 1
1 35865U 09049A   26190.64364273  .00000035  00000-0  34875-4 0  9991
2 35865  98.7399 152.9571 0001233 223.0230 137.0852 14.23161748872443
OCEANSAT-2
1 35931U 09051A   26190.86062420 -.00000167  00000-0  88695-4 0  9997
2 35931  98.2318 175.4485 0016993 168.9582 191.1961 13.99656939882506
SWISSCUBE
1 35932U 09051B   26190.54084366  .00000644  00000-0  13666-3 0  9990
2 35932  98.4016  98.8171 0007556 134.3316 225.8505 14.62524151892423
BEESAT-1
1 35933U 09051C   26190.56195696  .00000529  00000-0  11590-3 0  9998
2 35933  98.3943  98.4270 0005799 144.7622 215.3963 14.61756321892450
ITUPSAT1
1 35935U 09051E   26189.54478970  .00000560  00000-0  12544-3 0  9990
2 35935  98.4027  96.5634 0007611 162.4704 197.6760 14.60472478891859
DMSP 5D-3 F18 (USA 210)
1 35951U 09057A   26190.84081811  .00000211  00000-0  13252-3 0  9993
2 35951  98.9051 171.5621 0010905 180.5830 179.5332 14.14909272862791
PROBA-2
1 36037U 09059B   26190.73002845  .00000125  00000-0  39764-4 0  9990
2 36037  98.2458  13.7710 0012624 206.1058 153.9504 14.54872119884800
YAOGAN-7
1 36110U 09069A   26189.61704388  .00000339  00000-0  54067-4 0  9999
2 36110  98.0044  75.3492 0023935 333.3807  26.6172 14.78031471892792
XIWANG-1 (HOPE-1)
1 36122U 09072B   26190.81561874 -.00000051  00000-0  18461-4 0  9991
2 36122 100.4032 144.2872 0007385 176.8858 183.2302 13.16440330795982
RADUGA-1M 2
1 36358U 10002A   26190.82282031 -.00000023  00000-0  00000-0 0  9998
2 36358   3.6768  78.5788 0004905 261.9387  85.8131  0.98967423 50249
COSMOS 2463
1 36519U 10017A   26190.06459872  .00000038  00000-0  25330-4 0  9990
2 36519  82.9585 233.6321 0037523  70.3576 306.3102 13.71666955810936
CARTOSAT-2B
1 36795U 10035A   26190.87402777 -.00000161  00000-0  14781-4 0  9993
2 36795  97.9943 241.2773 0012446 114.4233 245.8278 14.78611521863205
AISSAT 1
1 36797U 10035C   26189.66040427  .00001675  00000-0  14927-3 0  9991
2 36797  98.0889  89.6596 0008409 355.8890   4.2260 14.97451276867436
TISAT 1
1 36799U 10035E   26190.58372939  .00014864  00000-0  47466-3 0  9990
2 36799  98.0702 139.1348 0004097 131.0944 229.0650 15.32585813871138
YAOGAN-10
1 36834U 10038A   26190.85841005  .00001190  00000-0  14438-3 0  9999
2 36834  97.8978 214.0817 0001732  83.2898  18.9846 14.85419769860574
SHIJIAN-6 04B (SJ-6 04B)
1 37180U 10051B   26190.84701515  .00000510  00000-0  46713-4 0  9996
2 37180  97.8746 196.4982 0007162 229.9809 130.0786 14.99381271859075
FENGYUN 3B
1 37214U 10059A   26190.87143197 -.00000304  00000-0  13375-3 0  9990
2 37214  98.9611 236.9809 0023048 120.9574 343.1493 14.14844541810636
COSMO-SKYMED 4
1 37216U 10060A   26190.85722118  .00000267  00000-0  40122-4 0  9996
2 37216  97.8897  14.1292 0001481  84.5478 275.5904 14.82145290847926
O/OREOS (USA 219)
1 37224U 10062C   26190.22848649  .00001439  00000-0  14125-3 0  9991
2 37224  71.9709  30.4075 0013637  16.8017 343.3602 14.93837463119937
ELEKTRO-L 1 (GOMS 2)
1 37344U 11001A   26189.61220571  .00000022  00000-0  00000-0 0  9998
2 37344   9.7315  54.2824 0004064  37.5455 294.8137  1.00159170 56690
RESOURCESAT-2
1 37387U 11015A   26190.75228468  .00000003  00000-0  21523-4 0  9996
2 37387  98.7634 258.0371 0011268 186.4486 173.6548 14.21605126789385
YOUTHSAT
1 37388U 11015B   26190.70750352  .00000103  00000-0  60952-4 0  9994
2 37388  98.3698 163.7479 0013177 276.8329 257.0023 14.25639148790847
APRIZESAT 6
1 37793U 11044F   26190.25163867  .00000565  00000-0  86959-4 0  9992
2 37793  98.2345 101.2003 0043543  17.1771 143.8073 14.76951131800408
JUGNU
1 37839U 11058B   26190.03109338  .00000383  00000-0  60431-4 0  9992
2 37839  19.9588 175.7154 0018377 318.1720  84.2013 14.13782334762122
SRMSAT
1 37841U 11058D   26190.62459529  .00000355  00000-0  48802-4 0  9997
2 37841  19.9720 283.6652 0011875  90.4763 307.0339 14.11580289760991
SUOMI NPP
1 37849U 11061A   26190.82556368  .00000030  00000-0  35072-4 0  9995
2 37849  98.7956 131.5475 0000578 252.8200 107.2913 14.19521962761650
YAOGAN-12
1 37875U 11066B   26190.87768866  .00002644  00000-0  10268-3 0  9994
2 37875  97.1139 228.3802 0010770 138.4296 221.7764 15.26858803815509
BEIDOU-2 M4
1 38251U 12018B   26186.91456642 -.00000061  00000-0  00000-0 0  9999
2 38251  55.6406 303.4567 0011824 273.7127  86.1743  1.86229838 96292
ARIRANG-3 (KOMPSAT-3)
1 38338U 12025B   26190.81993807  .00000272  00000-0  63294-4 0  9997
2 38338  98.1182 147.8909 0006507  52.7596 307.4198 14.62226205754655
HORYU-2
1 38340U 12025D   26190.65196307  .00002474  00000-0  25495-3 0  9998
2 38340  98.2198 324.5121 0009356 107.9109 252.3129 14.91206683752070
CSSWE
1 38761U 12048D   26189.91130596  .00023431  00000-0  47039-3 0  9999
2 38761  64.6632  19.8417 0042891 167.5638 192.6570 15.45652064119755
CP5
1 38763U 12048F   26190.12437522  .00007723  00000-0  26491-3 0  9990
2 38763  64.6448  80.0662 0075120 169.1610 191.1161 15.28198813120113
METOP-B
1 38771U 12049A   26190.78509881  .00000052  00000-0  43625-4 0  9997
2 38771  98.6492 241.8321 0001064 289.4373  70.6690 14.21445394716474
SJ-9A
1 38860U 12056A   26190.79709330  .00000660  00000-0  82124-4 0  9998
2 38860  97.6724 161.9331 0025486 179.3907 180.7344 14.85522095702947
COSMOS 2484 (RODNIK-S 6)
1 39059U 13001C   26190.84523450  .00000008  00000-0  10542-4 0  9994
2 39059  82.5003 207.8055 0025884 347.4780  12.5654 12.42940056611377
SARAL
1 39086U 13009A   26190.80550515  .00000056  00000-0  36520-4 0  9997
2 39086  98.5554  17.0866 0001370 181.2570 178.8611 14.32894850698848
AAUSAT 3
1 39087U 13009B   26190.76394102  .00000415  00000-0  14548-3 0  9995
2 39087  98.3707  14.0446 0012220 139.5219 220.6881 14.39967446700422
STRAND-1
1 39090U 13009E   26190.75261338  .00000184  00000-0  76183-4 0  9999
2 39090  98.3931  10.4326 0009109 156.1916 203.9694 14.37176789700306
BRITE-AUSTRIA
1 39091U 13009F   26189.93945591  .00000114  00000-0  53492-4 0  9999
2 39091  98.4005   8.8378 0010386 168.5831 191.5593 14.36550763700172
UNIBRITE
1 39092U 13009G   26190.71989927  .00000123  00000-0  56530-4 0  9995
2 39092  98.4044   9.7154 0009432 162.2792 197.8725 14.36422295700225
AIST-2 (RS43)
1 39133U 13015D   26190.86028416  .00003719  00000-0  14928-3 0  9999
2 39133  64.8673 183.1798 0017281 248.4418 111.4871 15.26526454727360
GAOFEN-1
1 39150U 13018A   26190.83293198  .00000527  00000-0  82710-4 0  9998
2 39150  97.9083 262.4398 0016609 188.5228 171.5703 14.76515541711581
NEE-01 PEGASO
1 39151U 13018B   26190.63966525  .00001233  00000-0  12199-3 0  9996
2 39151  98.1250 335.5366 0013875  90.6498 269.6310 14.93776228714050
TURKSAT-3USAT
1 39152U 13018C   26190.07955253  .00002230  00000-0  20087-3 0  9994
2 39152  97.7937 280.8157 0012616  34.9119 325.2927 14.96571122714367
CUBEBUG-1 (CAPITAN BETO)
1 39153U 13018D   26189.95313867  .00001279  00000-0  11531-3 0  9995
2 39153  98.1694 350.8679 0012791  77.0589 283.2059 14.97440410714324
PROBA-V
1 39159U 13021A   26190.68051473  .00000061  00000-0  44770-4 0  9999
2 39159  98.3601 168.1783 0005384  72.5879 287.5889 14.23602758684315
ESTCUBE 1
1 39161U 13021C   26188.39025492  .00001366  00000-0  18087-3 0  9999
2 39161  97.7282 241.8654 0006983 316.6757  43.3907 14.81461817708011
ARIRANG-5 (KOMPSAT-5)
1 39227U 13042A   26190.84537321  .00001184  00000-0  88852-4 0  9993
2 39227  97.6222  17.2279 0005522  71.3580 288.8245 15.04519879707267
GONETS-M 5
1 39249U 13048A   26190.81502277 -.00000020  00000-0  21719-3 0  9999
2 39249  82.4847 329.2749 0017149 160.9712 199.2012 12.42892399581698
GONETS-M 7
1 39251U 13048C   26190.85806433  .00000042  00000-0  23350-3 0  9993
2 39251  82.4913 332.1821 0017930 162.1735 197.9977 12.42915452581653
FENGYUN 3C
1 39260U 13052A   26190.87131056  .00000043  00000-0  43095-4 0  9992
2 39260  98.4993 163.7061 0013904 322.2109  37.8088 14.15760067661772
CASSIOPE
1 39265U 13055A   26190.78022007  .00029284  49914-6  31455-3 0  9992
2 39265  80.9140  39.2405 0284180 346.2510  13.1090 15.27165942671118
APRIZESAT 7
1 39416U 13066A   26190.29181148  .00000962  00000-0  10031-3 0  9996
2 39416  97.7719 143.1956 0036823 136.2603 224.1544 14.91611282684529
ZACUBE-1 (TSHEPISOSAT)
1 39417U 13066B   26190.13615696  .00001581  00000-0  12533-3 0  9997
2 39417  97.8016 152.5825 0043657 174.6140 185.5562 15.01311101684029
APRIZESAT 8
1 39425U 13066K   26190.27018226  .00000580  00000-0  68770-4 0  9990
2 39425  97.8227 137.4314 0045007 211.6319 148.2191 14.87690621682952
CINEMA-3 (KHUSAT-2)
1 39426U 13066L   26190.54687605  .00000806  00000-0  11050-3 0  9993
2 39426  97.8385 102.1569 0090781 139.0615 221.7460 14.78344624677757
TRITON-1
1 39427U 13066M   26190.85065219  .00001715  00000-0  20926-3 0  9991
2 39427  97.8224 100.1399 0090157 159.4144 201.0739 14.81785190677446
DELFI-N3XT
1 39428U 13066N   26189.72723299  .00004758  00000-0  41306-3 0  9990
2 39428  97.8323 110.0195 0075630 134.0067 226.7421 14.95307616677847
GOMX-1
1 39430U 13066Q   26190.79220171  .00000980  00000-0  15327-3 0  9990
2 39430  97.6479  29.8286 0128782   5.5778 354.6828 14.69533953673233
BRITE-PL1 (LEM)
1 39431U 13066R   26190.25351997  .00000219  00000-0  54091-4 0  9990
2 39431  97.7976 301.0097 0188664 302.8251  55.4900 14.51384497667133
ICUBE-1
1 39432U 13066S   26190.68245190  .00008812  00000-0  34039-3 0  9991
2 39432  97.5700 176.6399 0014049 247.6947 112.2802 15.26410593687844
VELOX-PII
1 39438U 13066Y   26190.68511641  .00002153  00000-0  20658-3 0  9998
2 39438  97.8750 142.0782 0050831 268.3145  91.2252 14.93240022681198
CUBEBUG-2 (LO-74)
1 39440U 13066AA  26190.10024051  .00001725  00000-0  16295-3 0  9998
2 39440  97.8908 139.1745 0056180 316.1471  43.5295 14.93942821680269
NEE-02 KRYSAOR
1 39441U 13066AB  26190.62185191  .00001435  00000-0  16157-3 0  9994
2 39441  97.8891 129.6781 0065916 357.6613   2.4284 14.86724098679536
FUNCUBE-1 (AO-73)
1 39444U 13066AE  26190.65921882  .00005060  00000-0  31236-3 0  9998
2 39444  97.8287 162.5794 0037793 125.6357 234.8401 15.09773935683052
HINCUBE
1 39445U 13066AF  26190.64073752  .00004339  00000-0  27836-3 0  9991
2 39445  97.7980 159.5046 0034543 132.1725 228.2445 15.08546670682912
UWE-3
1 39446U 13066AG  26189.33612893  .00001733  00000-0  15204-3 0  9992
2 39446  97.8696 145.5560 0047522 248.4998 111.1154 14.97171964680741
SMDC ONE 2.4
1 39469U 13072H   26190.19434954  .00010977  00000-0  40770-3 0  9996
2 39469 120.4917  77.0808 0147582  42.2309 319.0026 15.18692842121173
CP8 (IPEX)
1 39471U 13072K   26190.57854867  .00004135  00000-0  20916-3 0  9999
2 39471 120.4698  23.5240 0168105  25.8816 335.0551 15.08359984118614
COSMOS 2488 (RODNIK-S 7)
1 39483U 13076A   26190.81812815  .00000166  00000-0  11258-2 0  9998
2 39483  82.4848 154.5956 0020739  48.6755 311.6105 12.42906698568704
COSMOS 2489 (RODNIK-S 8)
1 39484U 13076B   26190.87430387  .00000246  00000-0  17051-2 0  9991
2 39484  82.4884 155.9469 0022555  48.3103 311.9902 12.42880800568761
COSMOS 2490 (RODNIK-S 9)
1 39485U 13076C   26190.84622438  .00000181  00000-0  12348-2 0  9991
2 39485  82.4831 154.0219 0022870  63.2110 297.1305 12.42879570568697
AIST-1 (RS41)
1 39492U 13078C   26190.83303983  .00000583  00000-0  49426-4 0  9996
2 39492  82.4145 248.9367 0016139 196.2618 163.8088 14.96127504678638
KAZEOSAT 1
1 39731U 14024A   26190.84938212 -.00000019  00000-0  72614-5 0  9995
2 39731  98.3196 262.7323 0001283  81.7786 278.3549 14.42035741641827
COSMOS 2496 (RODNIK-S 10)
1 39761U 14028A   26190.80371120  .00000037  00000-0  19596-3 0  9994
2 39761  82.4449  94.5663 0021060  32.1808 328.0552 12.42879440550324
COSMOS 2497 (RODNIK-S 11)
1 39762U 14028B   26190.85920025  .00000012  00000-0  12376-4 0  9997
2 39762  82.4498  96.2300 0021533  27.2070 333.0133 12.42895156550331
COSMOS 2498 (RODNIK-S 12)
1 39763U 14028C   26190.83523517  .00000009  00000-0  32920-5 0  9995
2 39763  82.4458  94.7223 0022249  26.7900 333.4324 12.42980870550363
COSMOS 2499 (RS47)
1 39765U 14028E   26190.81690655  .00000023  00000-0  51442-4 0  9998
2 39765  82.4474 237.1589 0230515 308.6941  49.3742 12.82903036567925
HODOYOSHI-4
1 40011U 14033B   26190.82809348  .00000522  00000-0  62084-4 0  9990
2 40011  97.5467  14.5596 0022238 228.3126 131.6189 14.88181023652173
UNISAT-6
1 40012U 14033C   26190.65596992  .00001374  00000-0  15181-3 0  9991
2 40012  97.7900 342.9767 0044631 356.2388   3.8487 14.88353039649500
DEIMOS-2
1 40013U 14033D   26190.82474132  .00000520  00000-0  54150-4 0  9994
2 40013  97.5808  64.5160 0001083  83.6311 276.5033 14.93789414641101
BUGSAT-1 (TITA)
1 40014U 14033E   26190.81214223  .00004681  00000-0  24618-3 0  9994
2 40014  98.0422 284.6881 0029041 103.3830 257.0641 15.15844396659266
SAUDISAT 4
1 40016U 14033G   26190.63924045  .00000355  00000-0  53590-4 0  9992
2 40016  97.7610 336.0009 0044729   2.2228 357.9175 14.79571960649393
APRIZESAT 9
1 40018U 14033J   26190.60588904  .00000477  00000-0  77298-4 0  9997
2 40018  97.9087 323.2598 0067246 127.5578 233.1765 14.74247790646869
BRITE-CA1 (TORONTO)
1 40020U 14033L   26190.18755172  .00000733  00000-0  11765-3 0  9997
2 40020  97.9764 318.7133 0078006 205.5751 154.1590 14.72715027645457
DUCHIFAT-1
1 40021U 14033M   26190.11683618  .00097268  00000-0  81158-3 0  9998
2 40021  98.0435 252.4424 0001719 258.2829 101.8238 15.69759950659183
NANOSATC-BR1
1 40024U 14033Q   26189.89295221  .00012243  00000-0  39647-3 0  9999
2 40024  98.0720 224.2139 0005305 111.5840 248.5966 15.32184216657308
QB50P1
1 40025U 14033R   26189.96268602  .00005242  00000-0  25681-3 0  9995
2 40025  98.0972 202.6398 0009976 143.0121 217.1801 15.18602701656335
DTUSAT-2
1 40030U 14033W   26190.82392766  .00004883  00000-0  26303-3 0  9999
2 40030  98.0874 189.9933 0008890 147.9693 212.2079 15.15308119656117
QB50P2
1 40032U 14033Y   26190.81602461  .00005365  00000-0  28728-3 0  9995
2 40032  98.0761 189.1099 0009315  98.7744 261.4542 15.15461422656097
PERSEUS-M1
1 40039U 14033AF  26190.58181363  .00001243  00000-0  11701-3 0  9993
2 40039  97.9647 135.0829 0010603 216.9043 143.1448 14.95701333653985
POLYITAN-1
1 40042U 14033AJ  26190.04009571  .00013569  00000-0  41372-3 0  9999
2 40042  98.0943 218.3797 0008317  82.3047 277.9138 15.34063134656942
TIGRISAT
1 40043U 14033AK  26190.14651385  .00001209  00000-0  14432-3 0  9992
2 40043  97.7856 339.6587 0049175   4.2911 355.8715 14.85238395648885
AISAT
1 40054U 14034B   26190.17805511  .00007983  00000-0  50520-3 0  9993
2 40054  98.2367 104.1924 0010272 140.0884 220.1100 15.09255890650526
CANX-4
1 40055U 14034C   26190.71346684  .00000596  00000-0  83716-4 0  9992
2 40055  98.3093  66.8506 0011612 302.4173  57.5914 14.81305301647868
CANX-5
1 40056U 14034D   26190.10370604  .00000612  00000-0  85658-4 0  9991
2 40056  98.3096  66.2635 0011636 304.7707  55.2409 14.81321616638583
VELOX-I
1 40057U 14034E   26190.83626567  .00004177  00000-0  35817-3 0  9995
2 40057  98.2535  97.1246 0006582 178.1053 182.0194 14.98101511649998
GONETS-M 10
1 40063U 14036C   26190.85006649  .00000066  00000-0  40225-3 0  9991
2 40063  82.5118 293.5990 0023000  93.5210 266.8500 12.42946505545067
METEOR-M 2
1 40069U 14037A   26190.81113938 -.00000204  00000-0  73851-4 0  9991
2 40069  98.5128 165.7491 0005477 344.1090  15.9915 14.21467602622532
DX1
1 40071U 14037C   26190.85802516  .00001516  00000-0  16348-3 0  9998
2 40071  98.3877 153.9374 0006603 186.5451 173.5680 14.90055092649489
UKUBE-1
1 40074U 14037F   26190.77553352  .00005644  00000-0  31609-3 0  9996
2 40074  98.4244 196.4263 0003240  97.6551 262.5046 15.13896142651974
GAOFEN-2
1 40118U 14049A   26190.87890387  .00000643  00000-0  90026-4 0  9994
2 40118  98.0098 255.0636 0007917 150.0054 210.1613 14.80924757642593
BRITE-PL2 (HEWELIUSZ)
1 40119U 14049B   26190.26496503  .00001666  00000-0  15885-3 0  9995
2 40119  97.9114 302.4379 0014777  41.3663 318.8673 14.94675108644741
CBERS 4
1 40336U 14079A   26190.82969931 -.00000076  00000-0  11793-4 0  9991
2 40336  98.3520 246.9498 0001021  49.6302 310.4973 14.35514709607206
SMAP
1 40376U 15003A   26190.84906517  .00000259  00000-0  59132-4 0  9997
2 40376  98.1280 197.6229 0001554  96.3836 263.7543 14.63386298610935
GONETS-M 11
1 40552U 15020A   26190.86966648  .00000033  00000-0  16677-3 0  9991
2 40552  82.4868  16.8551 0015565 315.6325  44.3507 12.42878169511555
GONETS-M 12
1 40553U 15020B   26190.84291286  .00000042  00000-0  22919-3 0  9995
2 40553  82.4902  18.0015 0014375 299.7913  60.1737 12.42891807511541
GONETS-M 13
1 40554U 15020C   26190.81677249 -.00000069  00000-0  56714-3 0  9990
2 40554  82.4864  16.6263 0012850 283.9532  76.0119 12.42871265511519
DMC3-FM1
1 40715U 15032A   26190.83411674  .00000340  00000-0  44988-4 0  9994
2 40715  97.6438  55.1178 0005371 355.8782   4.2389 14.85762903593274
DMC3-FM2
1 40716U 15032B   26190.85607616  .00000943  00000-0  11446-3 0  9991
2 40716  97.6494  56.7282 0006009   0.6866 359.4357 14.85771855593273
DMC3-FM3
1 40717U 15032C   26190.81221721  .00000381  00000-0  49798-4 0  9995
2 40717  97.6546  58.4536 0005339   3.0364 357.0883 14.85760475593272
CARBONITE 1 (CBNT-1)
1 40718U 15032D   26190.84374281  .00001346  00000-0  16898-3 0  9995
2 40718  97.6523   7.9637 0013447 215.6538 144.3780 14.83657681592704
DEORBITSAIL
1 40719U 15032E   26190.04598177  .00004148  00000-0  30265-3 0  9997
2 40719  97.5883  46.4630 0013568 153.1516 207.0415 15.04172959594539
2015-049G
1 40905U 15049G   26190.84099082  .00038557  00000-0  34297-3 0  9991
2 40905  97.4542 236.3058 0006678 129.3418 230.8436 15.68390697599994
LILACSAT-2
1 40908U 15049K   26190.84120551  .00014753  00000-0  24450-3 0  9992
2 40908  97.4632 228.5514 0008024 157.4718 202.6888 15.52224887599267
COSMOS 2507 (RODNIK-S 13)
1 40920U 15050A   26190.85115711 -.00000040  00000-0  36198-3 0  9998
2 40920  82.4913  65.5579 0009196 306.1780  53.8449 12.42927076489678
COSMOS 2508 (RODNIK-S 14)
1 40921U 15050B   26190.80639208 -.00000111  00000-0  86877-3 0  9994
2 40921  82.4864  64.0822 0014198 338.9008  21.1484 12.42914436489654
COSMOS 2509 (RODNIK-S 15)
1 40922U 15050C   26190.82728672 -.00000105  00000-0  82819-3 0  9996
2 40922  82.4873  64.1738 0014900 355.8936   4.2019 12.42883931489696
LQSAT
1 40958U 15057A   26190.29365296  .00000652  00000-0  99560-4 0  9990
2 40958  97.6694 182.5752 0016292 195.6223 164.4488 14.76811208578572
LINGQIAO VIDEO A
1 40959U 15057B   26190.30532336  .00000694  00000-0  10409-3 0  9994
2 40959  97.6634 184.0173 0016151 192.4132 167.6684 14.77423173578674
LINGQIAO VIDEO B
1 40960U 15057C   26190.28041054  .00000735  00000-0  10960-3 0  9993
2 40960  97.6598 185.1513 0016308 192.5366 167.5442 14.77528297578718
JILIN-1
1 40961U 15057D   26190.28403830  .00000585  00000-0  87292-4 0  9994
2 40961  97.6515 188.5545 0016673 186.0684 174.0329 14.78195716578877
FOX-1A (AO-85)
1 40967U 15058D   26190.01700611  .00001641  00000-0  15541-3 0  9990
2 40967  64.7733 211.1378 0131892  48.1465 313.0815 14.91065127116828
SINOD-D 1
1 40968U 15058E   26190.00525422  .00002945  00000-0  23988-3 0  9997
2 40968  64.7734 190.5790 0120564  44.5324 316.5402 14.96049923119921
ELEKTRO-L 2
1 41105U 15074A   26189.42539329 -.00000107  00000-0  00000-0 0  9990
2 41105   6.7437  70.2631 0000693 230.4230 124.3160  1.00273098 38717
DAMPE
1 41173U 15078A   26190.85066252  .00000960  00000-0  34781-4 0  9991
2 41173  97.4567 196.4297 0012155   4.6007 355.5343 15.30844694588019
ORBCOMM FM114
1 41179U 15081A   26190.51054139  .00000194  00000-0  77293-4 0  9999
2 41179  47.0038 256.4620 0003064 287.8549  72.2002 14.58883854561017
ORBCOMM FM110
1 41182U 15081D   26190.22459969  .00000335  00000-0  10693-3 0  9998
2 41182  47.0014 257.2427 0003297 196.7550 163.3228 14.58913742560849
ORBCOMM FM112
1 41184U 15081F   26190.60552306  .00000453  00000-0  13198-3 0  9995
2 41184  46.9977 164.2335 0003985 305.2072  54.8440 14.58932969562228
ORBCOMM FM113
1 41185U 15081G   26190.65139477  .00000203  00000-0  79235-4 0  9999
2 41185  46.9993 164.4042 0002476 301.1460  58.9183 14.58878427562210
ORBCOMM FM108
1 41187U 15081J   26190.13410208  .00000426  00000-0  12629-3 0  9998
2 41187  47.0051  78.4302 0002927 300.2625  59.7971 14.58904401563280
ORBCOMM FM117
1 41188U 15081K   26189.07250359  .00000414  00000-0  12375-3 0  9994
2 41188  47.0014  82.0783 0003434 302.2374  57.8178 14.58889920563175
ORBCOMM FM116
1 41189U 15081L   26190.62784344  .00000100  00000-0  57341-4 0  9999
2 41189  47.0010 164.5128 0001341 214.5781 145.5017 14.58902220562213
CHUBUSAT-2
1 41338U 16012B   26190.19426639  .00004120  00000-0  17553-3 0  9998
2 41338  30.9957 176.9435 0008736 301.5615  58.4173 15.21101165571772
CHUBUSAT-3
1 41339U 16012C   26190.68280763  .00003094  00000-0  14014-3 0  9997
2 41339  31.0032 183.8622 0009147 292.4542  67.5130 15.18737840571627
ZIYUAN 3-02 (ZY 3-02)
1 41556U 16033A   26190.88221641  .00003726  00000-0  16882-3 0  9990
2 41556  97.3829 266.2199 0013508 203.7965 156.2648 15.21401220561434
CARTOSAT-2C
1 41599U 16040A   26190.84966782  .00001653  00000-0  81656-4 0  9992
2 41599  97.4471 250.5144 0009917  60.8319 299.3907 15.19235223557151
LAPAN-A3
1 41603U 16040E   26190.83858543  .00002386  00000-0  76533-4 0  9994
2 41603  97.1498 186.2428 0008364 299.6211  60.4199 15.33256204558284
GAOFEN-3
1 41727U 16049A   26190.28492384  .00000150  00000-0  58639-4 0  9990
2 41727  98.4020 197.7374 0001760  90.0645 270.0746 14.42218672521834
PRATHAM
1 41783U 16059A   26189.93064063  .00000443  00000-0  86314-4 0  9998
2 41783  97.8332 185.8338 0032023 147.0996 213.2211 14.67220741522701
ALSAT-1N
1 41789U 16059G   26190.86093372  .00000612  00000-0  11092-3 0  9991
2 41789  97.8017 193.2027 0027278 113.7278 246.6794 14.69343906523331
CAS-2T & KS-1Q
1 41847U 16066G   26190.12607526  .00000881  00000-0  13108-3 0  9993
2 41847  98.3814 265.6112 0342542  63.1325 300.4448 14.44761366507964
YUNHAI-1 01
1 41857U 16068A   26190.86611600  .00000082  00000-0  46324-4 0  9995
2 41857  98.5853 201.6610 0003556   4.2958 355.8256 14.32718698505078
RESOURCESAT-2A
1 41877U 16074A   26190.80430802 -.00000069  00000-0  11393-4 0  9995
2 41877  98.7518 264.1232 0002697  39.9393 320.1982 14.21607682497515
TANSAT
1 41898U 16081A   26190.86513257  .00000133  00000-0  38250-4 0  9990
2 41898  98.5374 191.7934 0019207 237.5535 122.3807 14.59968699507934
JILIN-1 03
1 41914U 17002B   26190.80566118  .00009804  00000-0  23064-3 0  9991
2 41914  97.1951 197.5788 0008022  93.6016 266.6149 15.42138455525346
CARTOSAT-2D
1 41948U 17008A   26190.88148972  .00002030  00000-0  99505-4 0  9994
2 41948  97.4099 249.7618 0005566 153.0475 207.1050 15.19257957521026
CARTOSAT-2E
1 42767U 17036C   26190.83329126  .00001925  00000-0  94628-4 0  9995
2 42767  97.4267 250.2611 0002721 211.1833 148.9241 15.19227395501583
D-SAT
1 42794U 17036AF  26190.65392469  .00005338  00000-0  24799-3 0  9998
2 42794  97.5567 169.5114 0083150  84.1363 276.9341 15.17339053494260
IRIDIUM 113
1 42803U 17039A   26190.63605280  .00000119  00000-0  35368-4 0  9995
2 42803  86.3990 312.7956 0002174  91.8525 268.2920 14.34217837474409
NORSAT 2
1 42828U 17042D   26189.72169905  .00006542  00000-0  28635-3 0  9997
2 42828  97.4054   2.8279 0008728 343.2577  16.8370 15.22347189491011
TECHNOSAT
1 42829U 17042E   26190.25612473  .00002728  00000-0  19535-3 0  9992
2 42829  97.4302 347.0777 0017912  22.5340 337.6669 15.05086319490026
FLYING LAPTOP
1 42831U 17042G   26190.84802454  .00002631  00000-0  20822-3 0  9994
2 42831  97.4786 345.5249 0019893  49.3931 310.9021 15.01291095489855
WNISAT 1R
1 42835U 17042L   26190.74552902  .00000944  00000-0  76691-4 0  9998
2 42835  97.4828 346.0626 0011510  81.6217 278.6313 15.01851513489890
LEMUR-2-GREENBERG
1 42837U 17042N   26190.23410264  .00012814  00000-0  41638-3 0  9999
2 42837  97.3832  10.7689 0007140 284.7697  75.2753 15.32026060491765
LEMUR-2-FURIAUS
1 42840U 17042R   26190.76592409  .00012826  00000-0  43013-3 0  9995
2 42840  97.3780   9.2029 0006413 351.0660   9.0465 15.31011310491667
CORVUS BC2
1 42846U 17042X   26190.71355477  .00002155  00000-0  14986-3 0  9999
2 42846  97.4091 351.1919 0013895  40.9384 319.2885 15.06439542490456
CORVUS BC1
1 42847U 17042Y   26189.90867860  .00001898  00000-0  13199-3 0  9991
2 42847  97.4123 351.2462 0012254  22.1714 338.0041 15.06600810490365
VRSS-2
1 42954U 17060A   26190.88512054  .00000357  00000-0  52113-4 0  9990
2 42954  97.6507 227.5887 0017937  30.4525 329.7727 14.81232488471814
MOHAMMED VI-A
1 43005U 17070A   26190.83675730  .00000664  00000-0  10120-3 0  9997
2 43005  97.9548 262.8553 0001160  91.0693 269.0650 14.77099430467327
FENGYUN 3D
1 43010U 17072A   26190.84020517  .00000099  00000-0  68796-4 0  9998
2 43010  99.0140 165.6729 0001787  25.4353 334.6910 14.19744075448200
CZ-4C R/B
1 43012U 17072C   26190.26425476  .00000289  00000-0  66400-4 0  9990
2 43012  98.5809 298.9877 0123557  84.0240 277.5024 14.58806339459857
NOAA 20 (JPSS-1)
1 43013U 17073A   26190.83888940  .00000010  00000-0  25762-4 0  9992
2 43013  98.7774 130.1006 0001175 129.4717 230.6563 14.19515789447685
MAKERSAT 0
1 43016U 17073D   26189.72816002  .00013683  00000-0  36375-3 0  9992
2 43016  97.4597  72.4218 0105067 195.3224 164.4830 15.32839065469766
RADFXSAT (FOX-1B)
1 43017U 17073E   26189.43942832  .00004488  00000-0  19743-3 0  9995
2 43017  97.4685  56.2209 0148105 255.0605 103.4188 15.13003288468602
JILIN-1 04
1 43022U 17074A   26190.85286368  .00010396  00000-0  23750-3 0  9993
2 43022  97.4866 301.0804 0005194 114.1128 246.0663 15.43037825477762
JILIN-1 05
1 43023U 17074B   26190.82090831  .00006216  00000-0  18999-3 0  9994
2 43023  97.4871 297.2877 0006181 139.7160 220.4542 15.34231526477475
JILIN-1 06
1 43024U 17074C   26190.79582244  .00004018  00000-0  12472-3 0  9993
2 43024  97.4798 294.2419 0007707 150.3522 209.8159 15.33956999477303
IRIDIUM 116
1 43072U 17083C   26190.75021685  .00000168  00000-0  53059-4 0  9998
2 43072  86.3982 312.5688 0002386  99.5500 260.5966 14.34219889447406
IRIDIUM 130
1 43073U 17083D   26190.29989865  .00000163  00000-0  50979-4 0  9994
2 43073  86.3990 313.0346 0002124 100.8223 259.3212 14.34216445447282
LKW-2
1 43080U 17084A   26190.84070440  .00004162  00000-0  16140-3 0  9998
2 43080  97.1190 229.5796 0003253 129.7841 230.3686 15.26642221475149
SUPERVIEW-1 03
1 43099U 18002A   26190.84796906  .00014545  00000-0  35140-3 0  9998
2 43099  97.3129 275.6614 0047201  99.8085 260.8495 15.40083916471858
CARTOSAT-2F
1 43111U 18004A   26190.86590083  .00001275  00000-0  63753-4 0  9993
2 43111  97.4777 250.2777 0002286 144.5233 215.6154 15.19241385470771
LKW-3
1 43146U 18006A   26190.86299755  .00009110  00000-0  26498-3 0  9995
2 43146  97.6629 352.3329 0002488 200.1513 159.9631 15.35680492472190
ASNARO-2
1 43152U 18007A   26190.86205657  .00006101  00000-0  26710-3 0  9995
2 43152  97.3975 197.4346 0001984  93.9413 266.2050 15.22396204470862
JILIN-1 07
1 43159U 18008E   26190.84524738  .00006440  00000-0  19119-3 0  9996
2 43159  97.1770 210.1735 0007336 350.0828  10.0270 15.35105707468472
JILIN-1 08
1 43160U 18008F   26190.79606279  .00004299  00000-0  13310-3 0  9990
2 43160  97.1805 209.4169 0005980  12.7487 347.3906 15.33969957468410
S-NET D
1 43186U 18014G   26190.62815984  .00003501  00000-0  18114-3 0  9994
2 43186  97.5339  95.2792 0006524 309.0111  51.0541 15.16885601462162
S-NET B
1 43187U 18014H   26190.64005213  .00003109  00000-0  16139-3 0  9992
2 43187  97.5346  95.2784 0007096 303.0334  57.0217 15.16855481462167
S-NET A
1 43188U 18014J   26190.62691339  .00003499  00000-0  18102-3 0  9995
2 43188  97.5356  95.4785 0006995 303.8075  56.2492 15.16893875462164
S-NET C
1 43189U 18014K   26190.64404596  .00002998  00000-0  15577-3 0  9991
2 43189  97.5371  95.5735 0008208 293.6580  66.3791 15.16846911460716
PAZ
1 43215U 18020A   26190.83156941  .00001226  00000-0  61598-4 0  9995
2 43215  97.4452 197.8954 0001708  88.6552 271.4878 15.19145671464440
GOES 17
1 43226U 18022A   26190.62242605 -.00000171  00000-0  00000-0 0  9995
2 43226   0.9913  85.3468 0000596  74.2750 262.5157  1.00271182 30643
LKW-4
1 43236U 18025A   26190.54840764  .00033459  00000-0  35310-3 0  9999
2 43236  97.6352   3.2070 0003096 202.3941 157.7182 15.64161407463529
ZHUHAI-1 OVS-02
1 43440U 18040B   26190.86653110  .00005151  00000-0  20698-3 0  9996
2 43440  97.0388 206.7538 0004546 148.5906 211.5605 15.25331258456173
ZHUHAI-1 OHS-02
1 43441U 18040C   26190.83872157  .00005502  00000-0  21487-3 0  9995
2 43441  97.0368 213.6897 0010788 141.4274 218.7738 15.26216429117737
GAOFEN-6
1 43484U 18048A   26190.91008998 -.00000041  00000-0  16220-5 0  9998
2 43484  98.0963 253.5997 0012105  97.2848 262.9737 14.76379594436742
LUOJIA-1 01
1 43485U 18048B   26190.84627103  .00001719  00000-0  19611-3 0  9993
2 43485  97.8095 268.6707 0010147  53.5991 306.6159 14.87371655437589
PAKTES 1A
1 43529U 18056A   26190.83173696  .00001762  00000-0  14952-3 0  9994
2 43529  98.1288 348.2848 0020198  36.1448 324.1134 14.99192390435315
PRSS-1
1 43530U 18056B   26190.80820186  .00000502  00000-0  69676-4 0  9991
2 43530  97.7808 258.0508 0001295  83.5786 276.5575 14.82023382431781
HAIYANG-1C
1 43609U 18068A   26190.84926138 -.00000092  00000-0  17367-4 0  9994
2 43609  98.5180 262.8290 0011518  33.4297 326.7613 14.34185302410338
SSTL S1-4
1 43618U 18071A   26190.82693328 -.00000169  00000-0  10227-4 0  9991
2 43618  97.5002  61.4960 0002046  95.2709 264.8746 14.96197708426323
HAIYANG-2B
1 43655U 18081A   26191.30284803  .00000011  00000-0  53191-4 0  9993
2 43655  99.3297 199.7112 0000771 158.0043 202.1142 13.79309470388116
CZ-4B R/B
1 43656U 18081B   26190.19686796  .00000007  00000-0  19617-4 0  9997
2 43656  99.3666 109.8767 0204286 203.1312 156.0573 14.31871435402456
CFOSAT
1 43662U 18083A   26190.85892308  .00001945  00000-0  10311-3 0  9990
2 43662  97.3611 194.7229 0002010  77.8206 282.3252 15.16515537425876
TEN-KOH
1 43677U 18084G   26189.76081364  .00002100  00000-0  16077-3 0  9996
2 43677  98.0749  23.0312 0010122  49.4353 310.7751 15.03021162419404
DIWATA-2B
1 43678U 18084H   26190.84297669  .00001713  00000-0  14081-3 0  9997
2 43678  98.1221  28.0425 0013047 100.7862 259.4829 15.00550664419615
STARS-AO
1 43679U 18084J   26189.83824900  .00003508  00000-0  17986-3 0  9990
2 43679  98.0487  45.1453 0003690  93.4593 266.7061 15.17298526420752
AUTCUBE 2
1 43681U 18084K   26190.02967436  .00001882  00000-0  11939-3 0  9993
2 43681  98.0706  37.3631 0008207 338.5327  21.5555 15.10240166420224
METOP-C
1 43689U 18087A   26190.80312984  .00000045  00000-0  40571-4 0  9997
2 43689  98.6632 249.9921 0002226 100.6310 259.5118 14.21518082398042
ES'HAIL 2
1 43700U 18090A   26190.78785549  .00000156  00000-0  00000-0 0  9995
2 43700   0.0161 349.4100 0002089 163.6570  84.0928  1.00268076 27901
MOHAMMED VI-B
1 43717U 18095A   26190.87046067 -.00000137  00000-0  12258-4 0  9995
2 43717  97.9546 262.8821 0001680  94.6479 265.4923 14.77075886411535
HYSIS
1 43719U 18096A   26190.81348870  .00000760  00000-0  11079-3 0  9999
2 43719  97.9828 257.3831 0001855  86.7674 273.3749 14.78663823410766
COSMOS 2530 (RODNIK-S 16)
1 43751U 18097A   26190.83548271  .00000112  00000-0  73475-3 0  9994
2 43751  82.5128 208.2243 0019213 350.8076   9.2649 12.42881920345104
COSMOS 2531 (RODNIK-S 17)
1 43752U 18097B   26190.85719900  .00000170  00000-0  11525-2 0  9997
2 43752  82.5173 209.2770 0016840  10.5855 349.5576 12.42913426345127
COSMOS 2532 (RODNIK-S 18)
1 43753U 18097C   26190.88552002  .00000077  00000-0  48698-3 0  9997
2 43753  82.5117 208.0351 0018265  12.3063 347.8459 12.42910505345094
MINXSS-2
1 43758U 18099A   26190.85036105  .00028248  00000-0  53046-3 0  9995
2 43758  97.4527 267.8230 0008269 176.9743 183.1558 15.48538914417633
SIRION PATHFINDER-2
1 43759U 18099B   26189.65263305  .00002925  00000-0  16123-3 0  9995
2 43759  97.4246 238.2007 0007811 215.4457 144.6257 15.14744359415876
AISTECHSAT 2
1 43768U 18099L   26189.67896883  .00004124  00000-0  22013-3 0  9998
2 43768  97.4284 237.2437 0003982 204.1446 155.9601 15.15671871415532
FOX-1CLIFF (AO-95)
1 43770U 18099N   26190.09661346  .00007443  00000-0  28188-3 0  9999
2 43770  97.4375 250.2670 0006960 265.8117  94.2326 15.27186791416566
RANGE-A
1 43773U 18099R   26190.65704564  .00003299  00000-0  18730-3 0  9991
2 43773  97.3959 232.5795 0008493 267.8830  92.1429 15.13579950415898
SNUSAT-2
1 43782U 18099AA  26190.09491038  .00005744  00000-0  25300-3 0  9996
2 43782  97.4050 243.1447 0009577 209.8420 150.2271 15.22178506416364
SNUGLITE
1 43784U 18099AC  26190.09028942  .00007851  00000-0  29298-3 0  9999
2 43784  97.3859 244.1593 0003012 176.4099 183.7162 15.27667948416665
ITASAT
1 43786U 18099AE  26190.08697091  .00004466  00000-0  21430-3 0  9996
2 43786  97.4019 241.1634 0010720 275.1562  84.8449 15.19333187416233
EAGLET-I
1 43790U 18099AJ  26189.94349618  .00002773  00000-0  16014-3 0  9994
2 43790  97.4222 239.0362 0009426 269.4461  90.5690 15.13104892415620
ESEO
1 43792U 18099AL  26190.53066419  .00001135  00000-0  85570-4 0  9993
2 43792  97.3951 226.9615 0010626 255.6690 104.3357 15.04307314415168
THEA
1 43796U 18099AQ  26190.16520551  .00013631  00000-0  39325-3 0  9998
2 43796  97.4433 260.0810 0007448 194.7698 165.3329 15.35791761416066
ASTROCAST 0.1
1 43798U 18099AS  26189.75535981  .00031250  00000-0  53622-3 0  9999
2 43798  97.4369 268.9463 0005634 145.5224 214.6394 15.51109059417771
JY1SAT (JO-97)
1 43803U 18099AX  26189.68738342  .00012315  00000-0  37201-3 0  9990
2 43803  97.4119 252.6045 0006239 178.6652 181.4609 15.34370872416921
SUOMI-100
1 43804U 18099AY  26190.13490669  .00008296  00000-0  29743-3 0  9995
2 43804  97.4178 250.4522 0009925 193.1896 166.9086 15.28933488416771
CENTAURI-1
1 43809U 18099BD  26190.83869337  .00003624  00000-0  18864-3 0  9991
2 43809  97.4212 242.0731 0012615 245.6318 114.3598 15.16590604415934
GLOBAL-2
1 43812U 18099BG  26190.09397611  .00001891  00000-0  12399-3 0  9995
2 43812  97.3552 225.6963 0007679  83.6881 276.5222 15.08805290415214
SEAHAWK-1
1 43820U 18099BQ  26189.68683012  .00006404  00000-0  27376-3 0  9996
2 43820  97.3949 241.8476 0007304 223.0542 137.0124 15.23168577415805
SAUDISAT 5A
1 43831U 18102A   26190.88646469  .00003796  00000-0  14023-3 0  9998
2 43831  97.3058 252.0313 0010849  60.3433 299.8886 15.28286070419148
SAUDISAT 5B
1 43833U 18102C   26190.83611806  .00003598  00000-0  13207-3 0  9995
2 43833  97.3167 255.0928 0011610  61.9774 298.2639 15.28530434419255
2018-102D
1 43834U 18102D   26190.85737297  .00072398  00000-0  57927-3 0  9992
2 43834  97.3426 281.0939 0002085 288.3850  71.7186 15.70858256420807
ISAT
1 43879U 18111D   26190.25149462  .00104241  00000-0  86630-3 0  9992
2 43879  97.5854 127.2412 0006520 149.6441 210.5199 15.69812662414622
UWE-4
1 43880U 18111E   26190.27481266  .00027640  00000-0  53767-3 0  9999
2 43880  97.5841 119.7053 0005271 218.3666 141.7210 15.47549208414192
D-STAR ONE (SPARROW)
1 43881U 18111F   26189.81750316  .00202288  00000-0  95472-3 0  9995
2 43881  97.6084 132.8354 0006929 142.1755 218.0002 15.82489471414783
JILIN-1 09
1 43943U 19005B   26190.81694933  .00003113  00000-0  14475-3 0  9991
2 43943  97.4742 285.5893 0002810  48.3118 311.8357 15.20712233412588
JILIN-1 10
1 43946U 19005E   26190.81715153  .00004141  00000-0  16399-3 0  9991
2 43946  97.4790 289.6256 0008034 188.0155 172.0956 15.25969065412763
EGYPTSAT-A (MISRSAT-A)
1 44047U 19008A   26190.84220751  .00000221  00000-0  42798-4 0  9993
2 44047  98.0183 255.2992 0001684  95.8038 264.3362 14.72332948396575
EMISAT
1 44078U 19018A   26190.80834110  .00000047  00000-0  26728-4 0  9995
2 44078  98.4635 249.4831 0019053 146.6668 213.5726 14.43647766383329
JILIN-1 GAOFEN 3A
1 44312U 19032C   26190.56815177  .00006947  00000-0  22232-3 0  9997
2 44312  44.9743 233.7161 0004686  63.2120 296.9244 15.33119199391278
WT 1B
1 44316U 19032G   26190.76305774  .00009872  00000-0  36839-3 0  9998
2 44316  44.9730 297.6709 0008976   3.7885 356.3064 15.27656031390531
PROX-1
1 44339U 19036A   26190.67945983  .00008932  00000-0  84947-3 0  9998
2 44339  23.9963 323.9427 0005528 303.8092  56.1881 14.91170907376837
NPSAT1
1 44340U 19036B   26189.97400823  .00003460  00000-0  46928-3 0  9998
2 44340  23.9989  75.8381 0007558  97.7047 262.4308 14.74785262375712
FORMOSAT 7-3
1 44343U 19036E   26190.78494535  .00003317  00000-0  17830-3 0  9996
2 44343  24.0003  22.9899 0000654 153.0882 206.9656 15.09968984386662
FORMOSAT 7-1
1 44349U 19036L   26190.31651790  .00001798  00000-0  12815-3 0  9998
2 44349  23.9970 243.1966 0001075  81.7980 278.2643 14.96599204387978
FORMOSAT 7-4
1 44350U 19036M   26190.33909860  .00001921  00000-0  13864-3 0  9999
2 44350  23.9992 305.1524 0001565  86.9962 273.0718 14.96597253387398
FORMOSAT 7-2
1 44351U 19036N   26190.76149999  .00001891  00000-0  13614-3 0  9995
2 44351  24.0002 356.6175 0000957  82.6973 277.3636 14.96596123386979
FORMOSAT 7-6
1 44353U 19036Q   26190.62774731  .00001767  00000-0  12545-3 0  9994
2 44353  23.9962 178.3298 0001078  18.2454 341.8085 14.96599067385180
FORMOSAT 7-5
1 44358U 19036V   26190.13839623  .00001809  00000-0  12916-3 0  9996
2 44358  23.9979 120.3785 0000600 101.2341 258.8227 14.96576900385646
METEOR-M2 2
1 44387U 19038A   26190.86388771 -.00000001  00000-0  19621-4 0  9998
2 44387  98.9160 178.4847 0001009  14.6215 345.4992 14.24371838364526
COSMOS 2535
1 44421U 19039A   26190.81115307  .00000770  00000-0  81286-4 0  9994
2 44421  97.5755 218.1082 0009531 130.5110 229.6942 14.91988657380010
GLOBAL-4
1 44499U 19054E   26190.15660962  .00050040  00000-0  46720-3 0  9993
2 44499  45.0040 109.4392 0004228 148.3502 211.7651 15.66579665383803
ZY-1 02D
1 44528U 19059A   26190.86405598 -.00000107  00000-0  21547-4 0  9992
2 44528  98.6714 252.3940 0003344 319.7737  40.3200 14.35266878357594
TAURUS-1 (JINNIUZUO 1)
1 44530U 19059C   26190.80723506  .00003266  00000-0  52494-3 0  9993
2 44530  98.6434 357.0447 0007699 234.0149 126.0343 14.72335315361975
ZHUHAI-1 03B
1 44536U 19060C   26190.83884833  .00025053  00000-0  36863-3 0  9995
2 44536  97.5546 349.8519 0008103 226.1632 133.8953 15.55406800379840
ZHUHAI-1 03D
1 44538U 19060E   26190.81323473  .00026117  00000-0  44853-3 0  9993
2 44538  97.5391 341.7481 0007176 211.2955 148.7870 15.51111111379589
ZHUHAI-1 03E
1 44539U 19060F   26190.83465703  .00013649  00000-0  32414-3 0  9995
2 44539  97.5632 341.5827 0004454 301.5902  58.4909 15.41805357379256
ATLAS 5 CENTAUR DEB
1 44694U 18079BG  26189.11789807 -.00000089  00000-0  00000-0 0  9997
2 44694  13.6454  37.5683 4716091 302.5363  20.2717  1.77416331 46938
GAOFEN-7
1 44703U 19072A   26190.89072867  .00002643  00000-0  12028-3 0  9993
2 44703  97.5711 251.5946 0017785 323.8219  36.1812 15.21490725371095
JILIN-1 GAOFEN 2A
1 44777U 19075A   26190.81788582  .00010125  00000-0  25645-3 0  9990
2 44777  97.4962 275.1453 0005736  15.0138 345.1277 15.39920662368362
NINGXIA-1 1
1 44779U 19076A   26190.84152676 -.00000069  00000-0  39237-4 0  9995
2 44779  45.0061  78.6132 0011635 266.2178  93.7325 14.02041565341032
NINGXIA-1 5
1 44783U 19076E   26190.85403965 -.00000165  00000-0  22957-4 0  9999
2 44783  45.0054  77.8908 0011393 257.1846 102.7715 14.02089048340955
KL-ALPHA A
1 44785U 19077A   26190.84691306  .00000041  00000-0  41355-4 0  9994
2 44785  88.9241 220.0865 0012817  50.3949 309.8334 13.56045132328805
CARTOSAT-3
1 44804U 19081A   26190.88019439  .00002562  00000-0  12436-3 0  9993
2 44804  97.4296 252.3809 0013475  77.7914 282.4829 15.19300067366915
JILIN-1 GAOFEN 2B
1 44836U 19086A   26190.84663279  .00003816  00000-0  17514-3 0  9991
2 44836  97.4875 262.6978 0012805 235.9674 124.0346 15.20961561363939
TIANQIN 1 (CAS-6)
1 44879U 19093A   26190.83836174  .00001534  00000-0  14351-3 0  9992
2 44879  97.7795 274.5155 0010502 344.8967  15.1939 14.95540373355435
ETRSS-1
1 44880U 19093B   26190.83853211  .00001800  00000-0  16563-3 0  9998
2 44880  97.7811 274.9950 0010615 344.9589  15.1315 14.95986741355441
TIANYAN 01
1 44881U 19093C   26190.86343609 -.00000127  00000-0  83355-5 0  9994
2 44881  97.7520 262.5421 0014059  18.5101 341.6624 14.86553400354783
TIANYAN 02
1 44882U 19093D   26190.85254120  .00003946  00000-0  27849-3 0  9998
2 44882  97.7941 285.8644 0012072 309.7544  50.2618 15.05498146356027
CBERS 4A
1 44883U 19093E   26190.85198809 -.00000101  00000-0  60389-5 0  9999
2 44883  98.0181 258.3107 0001112 134.0154 226.1150 14.81436886354430
WEILAI 1R
1 44884U 19093F   26190.85750884  .00002470  00000-0  19869-3 0  9992
2 44884  97.7876 280.7833 0016216 326.3923  33.6271 15.00837892355827
FLORIPASAT-1
1 44885U 19093G   26190.84601517  .00002712  00000-0  20004-3 0  9992
2 44885  97.7926 285.2465 0011308   2.9160 357.2129 15.04115266356053
SHUNTIAN
1 44886U 19093H   26190.82753340  .00000659  00000-0  65117-4 0  9996
2 44886  97.8006 278.8743 0011597 356.8080   3.3064 14.95263837355562
2019-093L
1 44889U 19093L   26190.81608297  .00001554  00000-0  14854-3 0  9994
2 44889  97.7540 268.8107 0011213 341.5521  18.5291 14.94650284355189
ELEKTRO-L 3
1 44903U 19095A   26190.86907803 -.00000085  00000-0  00000-0 0  9997
2 44903   0.3116  82.1842 0001312  18.1787 216.2981  1.00271577 23933
GONETS-M 14
1 44905U 19096A   26190.82919013 -.00000089  00000-0  71284-3 0  9991
2 44905  82.5224  70.6025 0014320 101.0881 259.1810 12.42870248296490
GONETS-M 15
1 44906U 19096B   26190.85856571  .00000339  00000-0  23732-2 0  9995
2 44906  82.5243  71.0494 0015888 123.1218 237.1389 12.42883132296466
GONETS-M 16
1 44907U 19096C   26190.80391590 -.00000041  00000-0  36573-3 0  9995
2 44907  82.5188  70.0248 0010740 162.7881 197.3565 12.42892160296440
RS-44 & BREEZE-KM R/B
1 44909U 19096E   26190.67762075  .00000014  00000-0  36222-5 0  9994
2 44909  82.5238 324.7599 0218584  91.8312 270.7837 12.79748940305224
JILIN-1 KUANFU 01
1 45016U 20003A   26190.80463727  .00002112  00000-0  13077-3 0  9993
2 45016  97.5021 264.3192 0008778 216.8637 143.1990 15.10848735358748
XINGYUN-2 01
1 45602U 20028A   26190.84380903  .00001784  00000-0  10781-3 0  9992
2 45602  97.4881 182.7963 0010562 119.6367 240.5916 15.11903291338260
XINGYUN-2 02
1 45603U 20028B   26190.82649105  .00001743  00000-0  10625-3 0  9995
2 45603  97.5075 196.4208 0010553 184.8073 175.3057 15.11625923338252
HAIYANG-1D
1 45721U 20036A   26190.85652682 -.00000092  00000-0  17613-4 0  9994
2 45721  98.4552 132.0436 0004066  81.0288 279.1357 14.34180432318226
M2 PATHFINDER
1 45727U 20037E   26190.25752302  .00001519  00000-0  11208-3 0  9992
2 45727  97.8157  21.7386 0013330  80.7061 279.5671 15.04779974328815
GAOFEN DUOMO (GFDM)
1 45856U 20042A   26190.83620434 -.00000181  00000-0  18679-4 0  9990
2 45856  97.7734 249.8977 0011123   7.8535 352.2848 14.76908988324358
ZIYUAN 3-03 (ZY 3-03)
1 45939U 20051A   26190.87595558  .00000073  00000-0  63826-5 0  9998
2 45939  97.5329 257.8898 0001191 287.6634  72.4472 15.21538630330794
NEMO-HD
1 46277U 20061F   26190.86574405  .00008332  00000-0  17820-3 0  9999
2 46277  97.1911 252.5946 0001133  80.9545 279.1832 15.45061722325485
3CAT-5A
1 46292U 20061W   26190.11194528  .00011751  00000-0  23603-3 0  9993
2 46292  97.2394 252.9865 0002671  79.6148 280.5403 15.46806745324419
3CAT-5B
1 46293U 20061X   26189.75233667  .00013375  00000-0  25545-3 0  9991
2 46293  97.2386 253.6532 0002764  74.7680 285.3877 15.48236838324397
NAPA-1
1 46320U 20061BA  26190.79554285  .00063949  00000-0  50274-3 0  9999
2 46320  97.2442 265.7675 0002183 181.0287 179.0972 15.71309896325288
JILIN-1 GAOFEN 3E
1 46457U 20065D   26190.85575074  .00059089  00000-0  56051-3 0  9999
2 46457  97.2220 244.0321 0011069  89.0053 271.2476 15.66659284323300
JILIN-1 GAOFEN 3F
1 46458U 20065E   26190.85930519  .00049877  00000-0  53706-3 0  9997
2 46458  97.2180 241.2561 0012440  75.6648 284.5992 15.63472581323249
JILIN-1 GAOFEN 3G
1 46459U 20065F   26190.85203388  .00099386  00000-0  63746-3 0  9990
2 46459  97.2238 248.4632 0004880 303.6118  56.4681 15.75959184323509
JILIN-1 GAOFEN 3H
1 46460U 20065G   26190.81641770  .00079525  00000-0  61806-3 0  9997
2 46460  97.2187 244.6021 0005548 222.0694 138.0144 15.71515674323430
HAIYANG-2C
1 46469U 20066A   26190.86631084  .00000126  00000-0  18803-3 0  9999
2 46469  65.9960 158.8180 0007895 237.3593 122.6714 13.83373158292635
HJ-2A
1 46478U 20067A   26190.86731905  .00000582  00000-0  90555-4 0  9994
2 46478  97.8819 268.7031 0003693 170.4490 189.6790 14.76545986311602
HJ-2B
1 46479U 20067B   26190.63263464 -.00000028  00000-0  30928-5 0  9995
2 46479  97.8882 269.5147 0001772 108.6125 251.5277 14.76505334311572
GONETS-M 17
1 46486U 20068A   26190.82929812 -.00000002  00000-0  87342-4 0  9994
2 46486  82.5006 333.4162 0022049 348.5941  11.4636 12.42873805261970
GONETS-M 18
1 46487U 20068B   26190.79294649  .00000061  00000-0  37288-3 0  9991
2 46487  82.4960 332.5480 0019275 345.2845  14.7671 12.42874859261959
GONETS-M 19
1 46488U 20068C   26190.84854440  .00000049  00000-0  28522-3 0  9996
2 46488  82.4984 332.9680 0013278   1.9254 358.1874 12.42892874262069
DEKART
1 46493U 20068H   26190.85396944  .00009126  00000-0  24733-3 0  9998
2 46493  97.8745 201.7549 0008649 191.4206 168.6842 15.37867601319255
NORBI
1 46494U 20068J   26190.83246163  .00017903  00000-0  32688-3 0  9994
2 46494  97.8625 208.8086 0007809 160.3466 199.8086 15.49452255319712
SALSAT
1 46495U 20068K   26190.25177099  .00005482  00000-0  19084-3 0  9996
2 46495  97.8858 194.6644 0008594 215.0810 144.9864 15.30117525318730
ICEYE-X6
1 46497U 20068M   26190.86945984  .00002525  00000-0  18436-3 0  9996
2 46497  98.0978 185.6271 0007670  25.2402 334.9196 15.04645592316644
NETSAT-4
1 46504U 20068U   26190.60999016  .00013033  00000-0  28188-3 0  9993
2 46504  97.8612 200.6643 0004020 217.4742 142.6226 15.44626563319231
NETSAT-3
1 46505U 20068V   26190.82771801  .00014051  00000-0  31564-3 0  9991
2 46505  97.8658 199.0882 0003248 236.5076 123.5860 15.43481617319174
NETSAT-1
1 46506U 20068W   26190.23581022  .00009005  00000-0  26648-3 0  9991
2 46506  97.8752 192.5160 0002497 300.1737  59.9257 15.35153967318686
NETSAT-2
1 46507U 20068X   26189.97064587  .00016384  00000-0  32664-3 0  9996
2 46507  97.8620 199.9501 0001472 244.6815 115.4281 15.46967375319103
TIANQI-6
1 46810U 20076D   26190.59278693  .00002167  00000-0  14234-3 0  9994
2 46810  34.9992 270.9411 0010163   3.3976 356.6802 15.07333559311961
KSM1-C
1 46906U 20081B   26190.71942330  .00006285  00000-0  23427-3 0  9995
2 46906  36.8958 279.7989 0001866  28.4236 331.6615 15.27124277312619
KSM1-D
1 46907U 20081C   26190.68591716  .00005505  00000-0  21887-3 0  9992
2 46907  36.8973 289.4528 0002485  77.5167 282.5859 15.25054617312533
KSM1-A
1 46912U 20081H   26190.66892096  .00005809  00000-0  22213-3 0  9992
2 46912  36.8968 282.6757 0002279 153.5066 206.5800 15.26322449312619
R2
1 46913U 20081J   26190.30566802  .00006059  00000-0  23531-3 0  9999
2 46913  36.8978 285.0164 0007049 114.0693 246.0794 15.25766717315363
KSM1-B
1 46914U 20081K   26190.69253272  .00005502  00000-0  22019-3 0  9998
2 46914  36.9023 290.0722 0004138 108.4675 251.6524 15.24838989315627
GONETS-M 20
1 47227U 20091A   26190.78662513  .00000012  00000-0  15960-4 0  9998
2 47227  82.5047 288.3890 0022050 130.1867 230.1147 12.42894442253887
GONETS-M 21
1 47228U 20091B   26190.84109713 -.00000034  00000-0  32097-3 0  9998
2 47228  82.4971 287.0482 0015724 142.8619 217.3551 12.42887437253883
GONETS-M 22
1 47229U 20091C   26190.81409729 -.00000074  00000-0  60403-3 0  9992
2 47229  82.5029 287.9741 0022940 125.6311 234.6909 12.42893318253831
CUBEL
1 47448U 21006AM  26190.10154057  .00006430  00000-0  15310-3 0  9993
2 47448  97.2317 240.4865 0008034  99.3861 260.8295 15.41920764303139
ARKTIKA-M 1
1 47719U 21016A   26188.42887598 -.00000257  00000-0  00000-0 0  9999
2 47719  63.2524  54.6812 7295086 270.0380  14.5466  2.00614486 39194
STARLINK-2342
1 47883U 21021Z   26190.83335647  .00227973  30154-4  73227-3 0  9994
2 47883  53.1518  33.8316 0006835 265.5694 235.9280 15.90540671  5932
GRUS-1B
1 47934U 21022C   26190.87619652  .00000641  00000-0  57876-4 0  9994
2 47934  97.5342  73.3187 0014493 238.4679 121.5129 14.98764833289292
2021-022F
1 47937U 21022F   26190.83153600  .00006275  00000-0  19649-3 0  9993
2 47937  97.3868  91.5117 0010085  24.0550 336.1161 15.33416473293188
UNISAT-7
1 47945U 21022P   26190.63032941  .00010961  00000-0  26669-3 0  9991
2 47945  97.3867  95.7953 0008622   8.5820 351.5573 15.41094126293310
2021-022X
1 47953U 21022X   26190.27250571  .00127442  00000-0  68190-3 0  9999
2 47953  97.3882 108.7861 0002313  93.1402 267.0130 15.79974642293980
GLOBAL-9
1 47971U 21023G   26190.20792239  .00016954  00000-0  32967-3 0  9993
2 47971  44.9805 126.6789 0002707 124.3596 235.7551 15.47436738298358
AII-BRAVO
1 48270U 21034C   26189.65031246  .00002411  00000-0  18054-3 0  9993
2 48270  97.5592 244.0731 0005801 180.4016 179.7207 15.03633166282846
TYVAK-182A
1 48271U 21034D   26190.11966090  .00003533  00000-0  24415-3 0  9995
2 48271  97.5707 248.6568 0004698 248.4605 111.6122 15.06366972283130
CSS (TIANHE)
1 48274U 21035A   26190.63828422  .00000907  00000-0  16026-4 0  9994
2 48274  41.4689 185.5127 0002646 282.7023  77.3519 15.58017701296677
TYVAK-0130
1 48606U 21041BF  26190.28804736  .00004919  00000-0  19085-3 0  9997
2 48606  52.9936 283.4256 0008601 236.8750 123.1423 15.27881760283763
HAIYANG-2D
1 48621U 21043A   26190.84848315 -.00000117  00000-0  32404-4 0  9997
2 48621  65.9980 248.2813 0011595 266.4292  93.5450 13.83372886259685
2021-050D
1 48843U 21050D   26190.86490021  .00003550  00000-0  15137-3 0  9996
2 48843  97.3330 266.3862 0005827 168.4287 191.7085 15.23560183282417
TYVAK-0173
1 48892U 21059P   26189.73748850  .00001221  00000-0  15805-3 0  9994
2 48892  96.0077 260.7374 0007734 326.4197  33.6530 14.81959064271438
MANDRAKE 2 ABLE
1 48907U 21059AE  26189.98302058  .00015803  00000-0  22961-3 0  9996
2 48907  97.7035  21.4439 0003479 263.7592  96.3265 15.55883490280516
MANDRAKE 2 BAKER
1 48908U 21059AF  26189.97730463  .00019683  00000-0  23827-3 0  9993
2 48908  97.7001  24.4643 0002311 248.4031 111.6980 15.60721590280694
PACE-1
1 48909U 21059AG  26190.54698325  .00092491  00000-0  40725-3 0  9993
2 48909  97.6751  31.2824 0003148 192.6668 167.4522 15.84282886281337
YAM-3
1 48915U 21059AN  26190.80926601  .00009177  00000-0  17107-3 0  9997
2 48915  97.6998  19.2513 0003760 270.4401  89.6418 15.49064534280492
FARADAY_PHOENIX
1 48924U 21059AX  26189.47502614  .00143131  00000-0  60440-3 0  9999
2 48924  97.6781  29.9740 0005403 217.7060 142.3832 15.85017527281020
DEMO8 (TENZING)
1 48951U 21059CA  26189.98615868  .00015166  00000-0  22064-3 0  9997
2 48951  97.7021  25.0780 0005376 258.9857 101.0792 15.55849190280694
FENGYUN 3E
1 49008U 21062A   26190.82156644 -.00000294  00000-0  11795-3 0  9998
2 49008  98.7504 193.9770 0002495  48.5741 311.5650 14.19905275259797
ISS (NAUKA)
1 49044U 21066A   26190.70194686  .00005376  00000-0  10580-3 0  9993
2 49044  51.6304 188.6620 0006668 275.8666  84.1562 15.48959671610298
STARLINK-3100
1 49144U 21082Q   26190.53838726  .00000189  00000-0  23624-4 0  9994
2 49144  70.0002 347.2222 0003147 268.6708  91.4091 14.98331824264231
CUTE
1 49263U 21088D   26190.03769010  .00392812  73988-4  54217-3 0  9993
2 49263  97.4026 291.6163 0002639 338.2434  21.8735 16.06100715266040
2021-091B
1 49316U 21091B   26190.85854441  .00002177  00000-0  10818-3 0  9991
2 49316  97.4481  18.0901 0012499 328.4262  31.6221 15.18665592262428
SDGSAT 1
1 49387U 21100A   26190.88892838  .00000985  00000-0  49835-4 0  9992
2 49387  97.2622 236.9703 0009166 181.0845 179.0372 15.19218748259360
TEIKYOSAT-4 (OORURI)
1 49396U 21102B   26190.65826397  .00001024  00000-0  67455-4 0  9999
2 49396  97.3664 219.2679 0011200 208.5917 151.4700 15.09586297256115
Z-SAT
1 49399U 21102E   26190.86872800  .00002323  00000-0  11566-3 0  9999
2 49399  97.3323 225.5037 0017083 161.9323 198.2522 15.18435161256884
HIBARI
1 49400U 21102F   26189.62652346  .00008075  00000-0  26166-3 0  9997
2 49400  97.3229 235.2894 0013203 121.5381 238.7152 15.32181947257478
KOSEN-1
1 49402U 21102H   26190.68415122  .00005351  00000-0  20304-3 0  9998
2 49402  97.3178 232.4066 0015202 124.8714 235.3957 15.27161211257450
GLOBAL-14
1 49469U 21106A   26190.62206491  .00018589  00000-0  30778-3 0  9999
2 49469  42.0023 157.6429 0016751 186.3807 173.6826 15.51631327261615
GAOFEN-3 02
1 49495U 21109A   26190.80484920 -.00000154  00000-0  33547-4 0  9994
2 49495  98.4097 198.5801 0001422 298.2170  61.8876 14.42219102243573
GLOBAL-12
1 49772U 21115BA  26189.61488811  .00027922  00000-0  41449-3 0  9999
2 49772  53.1955 301.4080 0002688  67.9164 292.2133 15.55014776259236
GLOBAL-13
1 49773U 21115BB  26190.86815235  .00016240  00000-0  32469-3 0  9996
2 49773  53.1977 306.6969 0001243 154.5770 205.5300 15.46968577259270
GLOBAL-17
1 49949U 21120A   26190.66372488  .00022529  00000-0  34803-3 0  9994
2 49949  41.9947 275.2420 0013676  48.0874 312.1135 15.53510688258392
GLOBAL-16
1 49950U 21120B   26190.57946968  .00019876  00000-0  33357-3 0  9990
2 49950  41.9954 279.9058 0011963  36.3554 323.8101 15.51292974258320
XW-3 (CAS-9)
1 50466U 21131B   26190.82393709  .00000314  00000-0  11065-3 0  9992
2 50466  98.4979 283.0921 0004913  43.9982 316.1598 14.41379055238371
ION SCV-004
1 50993U 22002K   26190.00555822  .00003331  00000-0  11489-3 0  9993
2 50993  97.2823 247.2553 0005534 275.8672  84.1938 15.30667843248630
ETV-A1
1 51060U 22002CE  26190.80733541  .00008090  00000-0  19719-3 0  9994
2 51060  97.2870 257.0528 0003517 251.5305 108.5560 15.41157664249328
BRO-5
1 51061U 22002CF  26190.81107727  .00024625  00000-0  46125-3 0  9990
2 51061  97.2989 264.6984 0004820 224.0023 136.0845 15.48661710249758
LUDI TANCE 1-01A (L-SAR 01A)
1 51284U 22007A   26190.83661351  .00000397  00000-0  48704-4 0  9998
2 51284  97.8109 197.9348 0001595  90.7397 269.4002 14.88415431241843
LUDI TANCE 1-01B (L-SAR 01B)
1 51822U 22018A   26190.87021340  .00000364  00000-0  45082-4 0  9990
2 51822  97.8108 197.9658 0001632  91.8296 268.3107 14.88409842237080
2022-019D
1 51827U 22019D   26190.64470047  .00077793  00000-0  52393-3 0  9995
2 51827  97.3653 284.4178 0001297  69.3683 290.7721 15.74912106243234
2022-019J
1 51832U 22019J   26190.84537669  .00001420  00000-0  67929-4 0  9993
2 51832  97.3418 253.0705 0009626 141.3678 218.8248 15.20537087241242
2022-023F
1 51951U 22023F   26190.87285956  .00005535  00000-0  22576-3 0  9991
2 51951  63.4440 196.3618 0132610 341.6567  17.9786 15.17911770241153
CZ-4C R/B
1 52085U 22027B   26190.71844735 -.00000058  00000-0  37514-4 0  9998
2 52085  63.3945 358.9391 0234449  22.5759 338.5390 13.65481843215110
MERIDIAN 10
1 52145U 22030A   26189.90257508  .00000196  00000-0  00000-0 0  9992
2 52145  62.6795 138.4478 6789944 272.8439  17.6229  2.00610414 31460
OMNI-L1
1 52157U 22033A   26190.17791966  .00001289  00000-0  16566-3 0  9991
2 52157  97.8387 268.9284 0004795 196.8815 163.2240 14.82832347230719
ENMAP
1 52159U 22033C   26190.82383530 -.00000004  00000-0  68531-5 0  9995
2 52159  97.9786 272.7521 0001365  77.1106 283.0256 14.74938200229998
ARCSAT-1
1 52161U 22033E   26190.66460836  .00010424  00000-0  16163-3 0  9993
2 52161  97.2751 283.2795 0006346 112.4560 247.7367 15.54174259239195
GLOBAL-18
1 52196U 22034B   26190.61268794  .00015045  00000-0  30048-3 0  9998
2 52196  52.9806 149.3969 0004181   9.3469 350.7614 15.47057031240433
GAOFEN-3 03
1 52200U 22035A   26190.84689436 -.00000103  00000-0  17930-4 0  9996
2 52200  98.4070 199.0982 0001731  92.9192 267.2196 14.42217348224110
DAQI-1
1 52257U 22039A   26190.86609301 -.00000071  00000-0  57817-5 0  9990
2 52257  98.1479 129.2494 0003596 162.2525 197.8800 14.57690309225240
BRO-6
1 52422U 22047AE  26190.84260632  .00032144  00000-0  52960-3 0  9998
2 52422  97.3389 282.3580 0003124 340.8807  19.2328 15.52257261234666
JILIN-1 GAOFEN 3D27
1 52444U 22048B   26190.85362354  .00146651  00000-0  72494-3 0  9991
2 52444  97.5712 306.9504 0004530 258.2754 101.8005 15.81648639233053
JILIN-1 GAOFEN 3D28
1 52445U 22048C   26190.67410257  .00194076  00000-0  77292-3 0  9993
2 52445  97.5648 307.0162 0004162 251.9823 108.0994 15.86124176233081
VIGORIDE-3
1 52760U 22057AE  26189.96699551  .00003462  00000-0  13145-3 0  9994
2 52760  97.6627 330.5247 0009323  54.3775 305.8330 15.27507689228487
ION SCV-006
1 52761U 22057AF  26190.69585374  .00009091  00000-0  18838-3 0  9992
2 52761  97.6119 340.4092 0017300  36.9610 323.2827 15.45832646229592
SHERPA-AC1
1 52763U 22057AH  26190.66645469  .00005332  00000-0  15167-3 0  9999
2 52763  97.6708 340.8379 0007727  23.0948 337.0641 15.36580549229154
OMNI-L2
1 52771U 22057AR  26190.14233281  .00000919  00000-0  12354-3 0  9997
2 52771  97.4704 251.0248 0005241 244.9668 115.1002 14.81428381223645
STEP CUBE LAB-II
1 52897U 22065D   26190.83752485  .00000517  00000-0  10936-3 0  9991
2 52897  98.2257 334.6734 0007715 321.8214  38.2441 14.63338439214819
RANDEV
1 52898U 22065E   26190.83260481  .00000608  00000-0  12605-3 0  9998
2 52898  98.2242 335.0300 0007063 322.6409  37.4301 14.63727239214567
SNUGLITE-II
1 52899U 22065F   26190.64810450  .00000605  00000-0  12369-3 0  9999
2 52899  98.2228 335.4423 0006500 320.9247  39.1485 14.64388183214281
MIMAN
1 52900U 22065G   26190.63573780  .00000352  00000-0  80008-4 0  9998
2 52900  98.2290 333.0086 0006692 323.9544  36.1205 14.61868130213724
STARLINK-4362
1 53043U 22077A   26190.72855122  .00000161  00000-0  15025-4 0  9998
2 53043  97.2835   8.4820 0001322  90.8209 269.3170 15.05656275219270
LARES-2
1 53105U 22080A   26187.73382527 -.00000014  00000-0  00000-0 0  9993
2 53105  70.1565 298.6253 0005281 331.1813  28.8535  6.38965057 92912
GREENCUBE (IO-117)
1 53109U 22080E   26190.28466997 -.00000003  00000-0  00000-0 0  9993
2 53109  70.1425 290.5613 0009028 284.8400  75.1260  6.42583278 93480
STARLINK-4410
1 53204U 22084R   26190.83335647  .00004384  00000-0  10075-3 0  9992
2 53204  97.5998 252.6721 0001689  81.1039  59.3035 15.43256164  5786
COSMOS 2558
1 53323U 22089A   26190.85350590  .00117110  00000-0  61174-3 0  9993
2 53323  97.2242 295.9254 0003666 238.3398 121.7513 15.80528596221405
TECMS
1 53346U 22090A   26190.84940459  .00002411  00000-0  11107-3 0  9996
2 53346  97.3130 258.3172 0005541  98.2267 261.9598 15.21210819218251
DONGPO 02
1 53452U 22098J   26190.82926212  .00129564  00000-0  69311-3 0  9990
2 53452  97.5532 324.0746 0004309 226.4712 133.6197 15.79964566218366
DONGPO 01
1 53453U 22098K   26190.85526991  .00111770  00000-0  68024-3 0  9994
2 53453  97.5607 324.5610 0002772 217.0204 143.0871 15.77130772218321
STARLINK-4400
1 53468U 22099D   26190.30903610 -.00000167  00000-0  76607-5 0  9994
2 53468  97.2840 308.1670 0001628 122.5425 237.5960 15.05652292214276
STARLINK-4621
1 53676U 22105AE  26189.64723307  .00000311  00000-0  25487-4 0  9990
2 53676  97.2845  67.5577 0001751  93.9199 266.2229 15.05645360211430
SHERPA-LTC2
1 53754U 22107BG  26190.21828814  .00002746  00000-0  15097-3 0  9992
2 53754  53.2366 127.0567 0392736 287.9412  67.9124 14.69887586205785
CENTISPACE-1 S3
1 53757U 22108A   26190.84781567  .00000211  00000-0  80650-4 0  9991
2 53757  53.5341 321.5544 0010606  52.2809 307.9126 14.61279581204843
CENTISPACE-1 S4
1 53758U 22108B   26190.82148419  .00000335  00000-0  10417-3 0  9993
2 53758  53.5316 319.0737 0009847  41.6274 318.5449 14.61967569204874
BLUEWALKER-3
1 53807U 22111AL  26190.26811294  .00004648  00000-0  13045-3 0  9999
2 53807  53.2299 290.2872 0004624 240.5739 119.4805 15.38564276213608
YUNHAI-1 03
1 53877U 22115A   26190.81463762  .00000259  00000-0  11134-3 0  9995
2 53877  98.5540 188.6751 0004521 356.2449   3.8700 14.32733567198753
CENTISPACE-1 S5
1 54020U 22126A   26190.83494818  .00000502  00000-0  13377-3 0  9998
2 54020  54.9986 122.3280 0014580 114.3172 245.9346 14.63050179200358
CENTISPACE-1 S6
1 54021U 22126B   26190.83945829  .00000349  00000-0  10569-3 0  9991
2 54021  54.9989 124.2813 0016383 115.3424 244.9269 14.62311359200317
OTB-3-GAZELLE
1 54023U 22127A   26190.53109615  .00000097  00000-0  42118-4 0  9992
2 54023  98.3956 181.8963 0014277 118.5555 241.7074 14.42682594197583
ASO-S
1 54029U 22129A   26190.85556383  .00000142  00000-0  45987-4 0  9991
2 54029  98.2753 195.6118 0014940  28.0672 332.1326 14.52073115198715
HJ-2E
1 54035U 22132A   26190.89410603  .00005662  00000-0  24528-3 0  9999
2 54035  97.3803 194.8660 0018107 291.0705  68.8595 15.22647855207874
COSMOS 2561
1 54109U 22137A   26190.85775841  .00010328  00000-0  17123-3 0  9998
2 54109  96.9177 249.0165 0008237 305.1334  54.9147 15.52279849209863
GONETS-M 23
1 54150U 22139A   26190.80191721  .00000020  00000-0  74497-4 0  9996
2 54150  82.5090 334.2394 0021916 169.9817 190.1704 12.42891730168452
GONETS-M 24
1 54151U 22139B   26190.85548017  .00000031  00000-0  14930-3 0  9993
2 54151  82.5007 333.2504 0016973 179.4828 180.6272 12.42892378168462
GONETS-M 25
1 54152U 22139C   26190.84190420  .00000034  00000-0  17366-3 0  9993
2 54152  82.5072 333.9574 0020910 178.5450 181.5694 12.42890766168463
SKIF-D
1 54153U 22139D   26189.04230910  .00000003  00000-0  00000-0 0  9993
2 54153  89.9491  96.6621 0007407 190.2651 169.7852  5.00428686 65156
MATS
1 54227U 22147A   26190.58172209  .00001181  00000-0  86403-4 0  9994
2 54227  97.6826 192.0832 0014198 119.9070 240.3569 15.05486053201138
EOS-6 (OCEANSAT-3)
1 54361U 22158A   26190.84360797  .00000157  00000-0  55279-4 0  9994
2 54361  98.3549 288.7380 0000231  97.2892 262.8327 14.46982572191119
DONGPO 09
1 54685U 22167D   26190.87675855  .00008861  00000-0  24834-3 0  9992
2 54685  97.6914   2.9071 0003122  64.4554 295.7012 15.36854101198931
DONGPO 08
1 54686U 22167E   26190.83213247  .00007928  00000-0  24239-3 0  9994
2 54686  97.6879 359.9305 0009376  89.9783 270.2534 15.34113029198796
2022-167F
1 54687U 22167F   26190.60618969  .00632788  21266-3  70060-3 0  9991
2 54687  97.6012  21.5488 0005898 242.9623 117.1058 16.09597973200419
DONGPO 10
1 54689U 22167H   26190.82678935  .00008328  00000-0  24826-3 0  9992
2 54689  97.6960   1.9300 0005428  45.0600 315.1082 15.34928547198835
JILIN-1 GAOFEN 03D48
1 54695U 22167P   26190.87820116  .00008528  00000-0  24778-3 0  9992
2 54695  97.6893   1.3696 0006878  47.3054 312.8767 15.35718105198873
STAR VIBE
1 55009U 23001A   26190.86930102  .00010752  00000-0  24366-3 0  9991
2 55009  97.3161 255.4325 0006046  48.0743 312.1019 15.43254189195729
BRO-8
1 55011U 23001C   26190.84087650  .00026509  00000-0  46513-3 0  9998
2 55011  97.3195 256.3717 0005454  58.1878 301.9905 15.50509671195713
CONNECTA T1.2
1 55012U 23001D   26190.61398709  .00033588  00000-0  54726-3 0  9994
2 55012  97.3245 261.7273 0004436  29.3220 330.8281 15.52554531196027
BIRKELAND
1 55015U 23001G   26190.81957369  .00006366  00000-0  15908-3 0  9995
2 55015  97.3338 258.8516 0007003  38.7878 321.3870 15.40476169195830
ION SCV-008
1 55051U 23001AU  26190.82050409  .00004328  00000-0  15691-3 0  9990
2 55051  97.5711 287.5213 0013233 294.4424  65.5434 15.28840099194790
ION SCV-007
1 55060U 23001BD  26190.13926886  .00000258  00000-0  43217-4 0  9999
2 55060  97.8995 252.7178 0010910 264.1863  95.8103 14.77572792189496
HUYGENS
1 55093U 23001CN  26190.81965763  .00006304  00000-0  15748-3 0  9992
2 55093  97.3242 258.0520 0009055  12.8563 347.2913 15.40475944195857
SHARJAHSAT-1
1 55104U 23001CZ  26190.84460823  .00015391  00000-0  27627-3 0  9990
2 55104  97.3160 259.9369 0005330  38.0653 322.0974 15.49975316196005
HORUS 1
1 55690U 23025A   26190.88014431  .00004003  00000-0  17063-3 0  9991
2 55690  97.3457 264.9973 0002731 121.0546 239.0960 15.23502840187504
HORUS 2
1 55844U 23032A   26190.84932721  .00003653  00000-0  15688-3 0  9998
2 55844  97.3529 265.7952 0000766 123.4384 236.6926 15.23309120184938
GLOBAL-19
1 55982U 23041B   26190.82284538  .00009484  00000-0  24970-3 0  9997
2 55982  42.0014  69.8334 0008759 182.3705 177.7094 15.38586696185411
ION SCV-010
1 56192U 23054Q   26190.71279227  .00003264  00000-0  12792-3 0  9991
2 56192  97.3755  79.9262 0014375 121.2251 239.0398 15.26392503179636
TELEOS-2
1 56310U 23057C   26189.81775134  .00003915  00000-0  27705-3 0  9996
2 56310   9.9887  46.6766 0000854 259.9130 100.0987 14.96394126176047
SNIPE 4
1 56744U 23072B   26190.85019519  .00018030  00000-0  40728-3 0  9992
2 56744  97.5241  37.5865 0004301 227.8352 132.2530 15.43243394173608
SNIPE 2
1 56745U 23072C   26190.82505450  .00020976  00000-0  40222-3 0  9995
2 56745  97.5228  40.7660 0002855 259.8204 100.2724 15.48030617173748
2023-072G
1 56749U 23072G   26190.83469594  .00024299  00000-0  40629-3 0  9991
2 56749  97.4885  39.6063 0001923 228.0801 132.0287 15.51904147173974
GEISAT PRECURSOR
1 56934U 23084C   26190.84219788  .00005012  00000-0  15030-3 0  9999
2 56934  97.6242 332.5494 0004161 254.5697 105.5086 15.34960757171000
BLACKJACK ACES-3
1 56950U 23084U   26190.31017523  .00003815  00000-0  18735-3 0  9996
2 56950  97.6232 325.6750 0000781 301.8231  58.2926 15.18689686170523
BLACKJACK ACES-2
1 56955U 23084Z   26190.64558128  .00004720  00000-0  23098-3 0  9992
2 56955  97.6227 326.0972 0001242 142.0354 218.0968 15.18691450170587
BLACKJACK ACES-1
1 56956U 23084AA  26190.63325720  .00004490  00000-0  21957-3 0  9998
2 56956  97.6220 325.8569 0001684 124.4503 235.6890 15.18738293120301
ION SCV-011
1 56957U 23084AB  26190.05606919  .00003406  00000-0  12385-3 0  9998
2 56957  98.1387  19.3652 0006347 330.4899  29.5979 15.29056761169157
GHOST-3
1 56958U 23084AC  26190.65511417  .00013719  00000-0  25819-3 0  9997
2 56958  97.6230 340.4479 0006450 203.5609 156.5346 15.48650846171492
AFR-1
1 56964U 23084AJ  26190.81573052  .00003075  00000-0  11281-3 0  9997
2 56964  97.6296 328.0577 0009035 256.7670 103.2562 15.28746963170685
METEOR-M2 3
1 57166U 23091A   26190.86343948 -.00000026  00000-0  73192-5 0  9999
2 57166  98.6071 245.3764 0005138 102.2067 257.9687 14.24048606157747
UMKA 1 (RS40S)
1 57172U 23091G   26190.85740929  .00004092  00000-0  18688-3 0  9998
2 57172  97.5042 249.4692 0013546  47.0116 313.2253 15.21082977167459
2023-091H
1 57173U 23091H   26190.82842432  .00008114  00000-0  28915-3 0  9991
2 57173  97.5040 254.2093 0010132  43.0440 317.1590 15.29140255167764
2023-091J
1 57174U 23091J   26190.85790264  .00002222  00000-0  12544-3 0  9995
2 57174  97.5045 243.6314 0014703  72.9076 287.3765 15.14088644167064
CUBEBEL 2 (EU11S)
1 57175U 23091K   26190.82107252  .00009323  00000-0  32579-3 0  9991
2 57175  97.5042 254.2469 0010101  44.3253 315.8795 15.29737021167762
SITRO-AIS 5 (KATYS)
1 57176U 23091L   26190.83395751  .00008524  00000-0  29578-3 0  9993
2 57176  97.5051 254.9548 0011245  31.0176 329.1726 15.29985046167804
ZORKIY-2M 1
1 57177U 23091M   26190.77648382  .00004947  00000-0  22441-3 0  9995
2 57177  97.5082 249.6724 0013935  44.3200 315.9149 15.21204661167439
CUBESX-HSE 3 (RS42S)
1 57178U 23091N   26190.78063061  .00009692  00000-0  31773-3 0  9992
2 57178  97.5083 256.6602 0010246  21.1971 338.9692 15.31796363167887
MONITOR-3 (RS58S)
1 57180U 23091Q   26190.85578525  .00007611  00000-0  27829-3 0  9995
2 57180  97.5075 254.4732 0011570  28.2270 331.9594 15.28304744167756
MONITOR-4 (RS57S)
1 57182U 23091S   26190.83358171  .00007373  00000-0  26900-3 0  9992
2 57182  97.5069 254.4232 0011576  28.5756 331.6116 15.28391136167752
MONITOR-2 (RS39S)
1 57184U 23091U   26190.77574367  .00003334  00000-0  16182-3 0  9998
2 57184  97.5062 248.9137 0011931  41.7402 318.4740 15.19123276167382
SVYATOBOR 1 (RS60S)
1 57187U 23091X   26190.86664492  .00006388  00000-0  24360-3 0  9999
2 57187  97.5081 254.8130 0009305  23.2348 336.9310 15.27005883167774
HORS 1
1 57188U 23091Y   26190.78501102  .00006625  00000-0  25165-3 0  9997
2 57188  97.5057 254.4903 0008761  23.8018 336.3625 15.27120992167768
VIZARD-METEO (RS38S)
1 57189U 23091Z   26190.81284299  .00012356  00000-0  34600-3 0  9999
2 57189  97.5083 260.7611 0006162   1.5183 358.6078 15.36760705168169
SITRO-AIS 6 (CHIRKIN)
1 57192U 23091AC  26190.86577604  .00007351  00000-0  28501-3 0  9995
2 57192  97.5059 253.9842 0011740  34.6953 325.5049 15.26373097167743
SITRO-AIS 8 (ANOKHIN)
1 57193U 23091AD  26190.81071272  .00010204  00000-0  32446-3 0  9995
2 57193  97.5048 256.6136 0010080  27.1789 332.9978 15.32762550167913
SITRO-AIS 7 (FARTUSHNIY)
1 57194U 23091AE  26190.80806551  .00006761  00000-0  26495-3 0  9991
2 57194  97.5056 253.7394 0011700  36.0364 324.1661 15.26048450167725
AVION KALUGA 650
1 57195U 23091AF  26190.86697957  .00003725  00000-0  17294-3 0  9990
2 57195  97.5080 250.3531 0010969  39.8878 320.3161 15.20596997167479
HORS 2
1 57196U 23091AG  26190.82632741  .00009474  00000-0  30441-3 0  9993
2 57196  97.5080 258.1716 0007425  14.9311 345.2148 15.32473764167997
A-SEANSAT-PG1
1 57197U 23091AH  26190.85748050  .00013766  00000-0  37295-3 0  9991
2 57197  97.5072 260.9332 0006220  10.1986 349.9383 15.37761019168195
SITRO-AIS 10 (BURDAEV)
1 57199U 23091AK  26190.81038623  .00015357  00000-0  39310-3 0  9995
2 57199  97.5073 261.9053 0005366   3.5346 356.5937 15.39488967168240
SITRO-AIS 9 (SHCHUKIN)
1 57201U 23091AM  26190.84413080  .00014257  00000-0  37125-3 0  9996
2 57201  97.5071 261.6517 0005659   3.5223 356.6061 15.38978652168235
UTMN 2 (RS27S)
1 57203U 23091AP  26190.85130358  .00009481  00000-0  30327-3 0  9993
2 57203  97.5079 258.3932 0007301   9.9549 350.1836 15.32617529168018
SITRO-AIS 12 (SMIRENNIY)
1 57204U 23091AQ  26190.83044108  .00015147  00000-0  39053-3 0  9990
2 57204  97.5084 262.1192 0005156 357.0213   3.1001 15.39272174168252
SITRO-AIS 11 (SHEFFER)
1 57208U 23091AU  26190.83749917  .00014943  00000-0  37982-3 0  9996
2 57208  97.5082 262.3875 0005075 356.5811   3.5399 15.39713679168278
H2SAT (HEINRICH HERTZ)
1 57213U 23093A   26190.56885572  .00000014  00000-0  00000-0 0  9994
2 57213   0.0179 101.9074 0000691  27.2179   3.8692  1.00269372 11148
KUZGTU 1 (RS47S)
1 57217U 23091AV  26190.85746766  .00008760  00000-0  30016-3 0  9998
2 57217  97.5056 255.5743 0010649  25.1441 335.0316 15.30391646167849
QIANKUN-1
1 57422U 23103B   26188.64920423  .00157748  12853-4  17933-3 0  9995
2 57422  96.1465 232.0567 0036520 142.4338 217.9510 16.07717346170587
FENGYUN 3F
1 57490U 23111A   26190.80494155  .00000001  00000-0  20973-4 0  9993
2 57490  98.6828 260.3913 0001390  78.6705 281.4628 14.19942840152076
METEOR 2-1 DEB
1 57492U 75064F   26183.69451452  .00002268  00000-0  88245-3 0  9993
2 57492  81.2776 343.7254 0009554  36.0022 324.1801 14.29524505405201
HJ-2F
1 57519U 23116A   26190.86162167  .00005051  00000-0  21994-3 0  9994
2 57519  97.3848 195.6896 0007131 335.0130  25.0761 15.22647453162200
XRISM
1 57800U 23137A   26190.23158471  .00002527  00000-0  13552-3 0  9990
2 57800  31.0009 216.7875 0007826 186.6493 173.4043 15.12644869156203
METEOR-M2 4
1 59051U 24039A   26190.83354787  .00000004  00000-0  21422-4 0  9990
2 59051  98.7022 149.8483 0008202 102.0645 258.1452 14.22431821122489
GRBBETA
1 60237U 24128C   26190.31968764  .00002568  00000-0  18353-3 0  9991
2 60237  61.9890 138.6053 0037769 139.4381 220.9537 15.06782844109609
TRANSPORTER-11 OBJECT A
1 60468U 24149A   26189.75798866  .00006218  00000-0  19585-3 0  9994
2 60468  97.3723 269.6246 0004587 132.7841 227.3788 15.33269761105367
WARATAH SEED-1
1 60469U 24149B   26190.64845248  .00009763  00000-0  27610-3 0  9998
2 60469  97.3684 271.2513 0003058 131.3156 228.8352 15.36523637105569
PHISAT 2
1 60470U 24149C   26190.20098502  .00004732  00000-0  15877-3 0  9998
2 60470  97.3750 269.2980 0002891 133.4562 226.6921 15.31364030105369
LEMUR-2-TOMATOKECHUP
1 60471U 24149D   26190.18826611  .00008251  00000-0  23391-3 0  9996
2 60471  97.3793 272.2971 0003009 133.0589 227.0907 15.36499131105543
CONNECTA IOT-1
1 60472U 24149E   26190.62239892  .00002923  00000-0  12464-3 0  9994
2 60472  97.3752 266.5361 0002354 153.5149 206.6209 15.23714858105213
LOPEN
1 60473U 24149F   26189.76787722  .00011867  00000-0  29617-3 0  9993
2 60473  97.3769 273.3128 0002439 145.2182 214.9224 15.40332623105582
ROCK
1 60474U 24149G   26189.75456404  .00011046  00000-0  27595-3 0  9995
2 60474  97.3767 273.3139 0002736 144.4938 215.6491 15.40321242105582
CONNECTA IOT-3
1 60475U 24149H   26189.72419897  .00002649  00000-0  11321-3 0  9997
2 60475  97.3725 265.3995 0003361 159.8623 200.2747 15.23723054105081
QUBE
1 60476U 24149J   26189.76788411  .00021260  00000-0  40399-3 0  9990
2 60476  97.3768 276.6322 0003233 143.5838 216.5633 15.48284213105804
WREN-1
1 60478U 24149L   26190.19819177  .00016693  00000-0  38722-3 0  9996
2 60478  97.3761 274.5544 0004944 168.9808 191.1549 15.42457005105719
TOMORROW-S1
1 60479U 24149M   26190.20075565  .00005328  00000-0  16940-3 0  9995
2 60479  97.3744 270.6072 0003655 144.6997 215.4488 15.33036861105469
FLOCK 4BE-18
1 60480U 24149N   26189.75223819  .00010003  00000-0  23194-3 0  9997
2 60480  97.3719 273.7169 0004673 162.9239 197.2167 15.42597903105636
FLOCK 4BE-7
1 60481U 24149P   26189.78001330  .00018416  00000-0  44422-3 0  9996
2 60481  97.3753 273.0456 0003840 166.1793 193.9560 15.41262484105578
FLOCK 4BE-26
1 60484U 24149S   26189.75746376  .00177773  00000-0  11541-2 0  9999
2 60484  97.3612 276.9652 0004262 201.7853 158.3231 15.75459302105852
TOMORROW-S2
1 60485U 24149T   26189.77383058  .00005511  00000-0  17492-3 0  9998
2 60485  97.3813 270.6915 0003294 165.0151 195.1189 15.33077157105394
FLOCK 4BE-36
1 60486U 24149U   26189.77694602  .00012409  00000-0  27967-3 0  9991
2 60486  97.3738 274.4730 0004291 170.3083 189.8249 15.43394438105683
FLOCK 4BE-25
1 60487U 24149V   26190.19274936  .00010797  00000-0  27774-3 0  9998
2 60487  97.3792 273.5000 0003295 156.2094 203.9304 15.39431125105626
FLOCK 4BE-31
1 60488U 24149W   26190.04645690  .00015235  00000-0  32502-3 0  9999
2 60488  97.3793 275.6689 0003380 166.3128 193.8213 15.44977948105753
FLOCK 4BE-20
1 60489U 24149X   26190.16701510  .00011075  00000-0  29163-3 0  9994
2 60489  97.3689 272.2977 0004490 169.4129 190.7212 15.38700104105597
FLOCK 4BE-23
1 60490U 24149Y   26190.03305605  .00010461  00000-0  27962-3 0  9990
2 60490  97.3776 272.5504 0004084 173.1683 186.9618 15.38255639105552
FLOCK 4BE-15
1 60491U 24149Z   26189.74475883  .00091979  00000-0  97071-3 0  9994
2 60491  97.3664 275.9906 0004685 203.7112 156.3932 15.63914713105795
FLOCK 4BE-17
1 60492U 24149AA  26189.72695059  .00011296  00000-0  28106-3 0  9999
2 60492  97.3765 273.2745 0003932 162.8357 197.3023 15.40434288105571
NUSAT-50 (NANCY ROMAN)
1 60493U 24149AB  26189.75039695  .00006365  00000-0  22008-3 0  9997
2 60493  97.3781 270.8602 0004764 117.1706 243.0021 15.30243083105421
FLOCK 4BE-22
1 60494U 24149AC  26190.20822575  .00012504  00000-0  29658-3 0  9997
2 60494  97.3733 273.9865 0004276 171.8142 188.3176 15.41857225105695
FLOCK 4BE-34
1 60495U 24149AD  26189.77135223  .00011999  00000-0  28512-3 0  9990
2 60495  97.3774 274.3812 0004184 179.9988 180.1260 15.41812306105654
TYCHE
1 60496U 24149AE  26189.97251549  .00003030  00000-0  12138-3 0  9997
2 60496  97.3753 267.4973 0002327 187.4996 172.6208 15.25796270105227
FLOCK 4BE-32
1 60497U 24149AF  26189.79009742  .00013635  00000-0  31189-3 0  9993
2 60497  97.3712 273.9609 0004383 177.0530 183.0744 15.42925610105664
NUSAT-48 (HENRIETTA LEAVITT)
1 60498U 24149AG  26189.67383756  .00005961  00000-0  20660-3 0  9996
2 60498  97.3911 271.0648 0004190 178.7267 181.3985 15.30200838105426
FLOCK 4BE-30
1 60499U 24149AH  26189.75211389  .00156306  00000-0  16877-2 0  9992
2 60499  97.3755 276.0913 0006359 217.4923 142.5893 15.63105754105134
NUSAT-49 (KLARA DAN VON NEUMANN)
1 60500U 24149AJ  26189.78137068  .00006275  00000-0  21663-3 0  9998
2 60500  97.3775 270.9235 0001819 182.0121 178.1113 15.30310950105435
FLOCK 4BE-11
1 60501U 24149AK  26189.77339707  .00013915  00000-0  30993-3 0  9997
2 60501  97.3692 274.1945 0004455 177.0967 183.0308 15.43716945105685
YAM-7
1 60504U 24149AN  26189.80816424  .00004620  00000-0  15150-3 0  9991
2 60504  97.3775 269.9731 0003023 189.0123 171.1065 15.32122293105360
FLOCK 4BE-24
1 60505U 24149AP  26189.75797138  .00015720  00000-0  34742-3 0  9997
2 60505  97.3708 274.4441 0004457 189.5700 170.5464 15.43919955105697
LUR-1
1 60506U 24149AQ  26189.75739923  .00004969  00000-0  17166-3 0  9990
2 60506  97.3731 268.4322 0003333 206.3339 153.7733 15.30392812105272
TANAGER-1
1 60507U 24149AR  26190.70477619  .00000245  00000-0  72329-5 0  9996
2 60507  97.2281 284.8679 0002763 147.2432 212.8988 15.43935842106519
EAGLEEYE
1 60508U 24149AS  26189.79876300  .00102225  00000-0  66755-3 0  9999
2 60508  97.3703 284.3989 0004993 195.9799 164.1310 15.75536199106337
FLOCK 4BE-29
1 60509U 24149AT  26189.81898487  .00031858  00000-0  67382-3 0  9993
2 60509  97.3804 276.0285 0003006 192.2560 167.8616 15.45081386105751
TRANSPORTER-11 OBJECT AU
1 60510U 24149AU  26190.66225414  .00010923  00000-0  26803-3 0  9997
2 60510  97.3723 274.5712 0003726 185.9119 174.2084 15.40866247105774
FLOCK 4BE-2
1 60511U 24149AV  26190.66126500  .00051489  00000-0  75479-3 0  9999
2 60511  97.3824 278.6387 0005091 188.0676 172.0497 15.55382059105997
FLOCK 4BE-13
1 60512U 24149AW  26189.76290344  .00010647  00000-0  24763-3 0  9998
2 60512  97.3713 274.4064 0004596 175.1537 184.9756 15.42489198105698
FLOCK 4BE-27
1 60513U 24149AX  26190.75503846  .00006856  00000-0  20523-3 0  9991
2 60513  97.3821 272.6217 0003419 200.8149 159.2956 15.34852169105608
FLOCK 4BE-9
1 60514U 24149AY  26190.03653995  .00011231  00000-0  27016-3 0  9991
2 60514  97.3785 274.5287 0003092 188.6470 171.4725 15.41465848105683
FLOCK 4BE-6
1 60516U 24149BA  26189.75809424  .00010837  00000-0  27191-3 0  9995
2 60516  97.3783 273.5644 0003690 193.1062 167.0089 15.40192015105597
FLOCK 4BE-14
1 60517U 24149BB  26190.17571948  .00013917  00000-0  33129-3 0  9991
2 60517  97.3690 274.1426 0004654 196.4822 163.6274 15.41719707105717
FLOCK 4BE-1
1 60518U 24149BC  26190.03884739  .00013252  00000-0  29886-3 0  9999
2 60518  97.3773 275.3610 0004435 196.2754 163.8352 15.43357693105743
FLOCK 4BE-28
1 60519U 24149BD  26189.76093466  .00034150  00000-0  70234-3 0  9990
2 60519  97.3740 275.8716 0004426 193.5575 166.5556 15.45886309105773
IPERDRONE.0
1 60520U 24149BE  26189.80880648  .00071957  00000-0  59228-3 0  9999
2 60520  97.3764 284.1409 0004064 180.9096 179.2160 15.70168447106305
TRANSPORTER-11 OBJECT BF
1 60521U 24149BF  26189.82266270  .00594965  16219-3  10977-2 0  9999
2 60521  97.3765 287.6622 0008385 242.1532 117.8898 16.01162793106521
CONNECTA IOT-2
1 60522U 24149BG  26190.63443102  .00003104  00000-0  13045-3 0  9990
2 60522  97.3835 268.4415 0005109 235.9329 124.1424 15.24164660105313
CONNECTA IOT-4
1 60524U 24149BJ  26189.74420999  .00015345  00000-0  34989-3 0  9991
2 60524  97.3790 274.3801 0005471 196.4124 163.6947 15.42989279105652
ORESAT0.5
1 60525U 24149BK  26189.74370125  .00015426  00000-0  31850-3 0  9991
2 60525  97.3718 276.0856 0005628 185.6029 174.5159 15.45926999105806
DEIMOS
1 60526U 24149BL  26190.04722620  .00014170  00000-0  30182-3 0  9990
2 60526  97.3778 276.5226 0005517 190.6494 169.4639 15.45031017105824
CUAVA-2
1 60527U 24149BM  26190.16253522  .00009676  00000-0  27253-3 0  9994
2 60527  97.3721 271.7253 0006351 201.0247 159.0738 15.36637435105540
ERNST
1 60528U 24149BN  26189.81446276  .00009045  00000-0  23034-3 0  9998
2 60528  97.3803 273.7041 0005598 202.1546 157.9459 15.39781528105605
TORO
1 60530U 24149BQ  26189.77057481  .00001180  00000-0  10884-3 0  9993
2 60530  97.6785 264.0356 0001529  93.4893 266.6504 14.96508606103184
HYPSO-2
1 60531U 24149BR  26188.69600472  .00002581  00000-0  21835-3 0  9992
2 60531  97.6823 264.6570 0001913 108.2868 251.8563 14.98904414103120
LEMU NGE
1 60532U 24149BS  26190.13862345  .00001282  00000-0  12225-3 0  9994
2 60532  97.6829 264.6548 0000668  59.4126 300.7160 14.95042637103238
LEMUR-2-STELLA
1 60533U 24149BT  26190.05274528  .00007901  00000-0  46022-3 0  9992
2 60533  97.6729 272.6092 0001033 111.4430 248.6911 15.12285468103803
SATELIOT_2
1 60534U 24149BU  26190.15981877  .00001944  00000-0  17641-3 0  9992
2 60534  97.6826 264.7152 0001844  83.9683 276.1748 14.96444908103254
NIGHTJAR
1 60535U 24149BV  26190.61995683  .00002276  00000-0  19200-3 0  9996
2 60535  97.6827 267.0114 0002270 106.7413 253.4059 14.99144075146232
LEMUR-2-MARHISYAM
1 60536U 24149BW  26190.17364470  .00008195  00000-0  48492-3 0  9993
2 60536  97.6877 273.2018 0002797  78.4878 281.6666 15.11702055103800
SATELIOT_4
1 60537U 24149BX  26190.16618642  .00001618  00000-0  14649-3 0  9996
2 60537  97.6736 264.2338 0001576  20.4352 339.6932 14.96748870103265
PICO-02A021
1 60538U 24149BY  26189.73169079  .00002640  00000-0  19830-3 0  9996
2 60538  97.6747 268.3815 0003201 317.3767  42.7209 15.03460922102972
ICEYE-X43
1 60539U 24149BZ  26189.77997472  .00001755  00000-0  14675-3 0  9995
2 60539  97.6814 266.4552 0006954  14.9788 345.1640 14.99772584103352
HAWK-10A
1 60540U 24149CA  26189.89979165  .00001483  00000-0  13531-3 0  9997
2 60540  97.6892 265.4382 0003685  27.8367 332.3051 14.96582101103236
UMBRA-09
1 60541U 24149CB  26190.21045289  .00010667  00000-0  51690-3 0  9999
2 60541  97.6970 277.8023 0001785 214.0416 146.0703 15.18723998104069
QPS-SAR-8 (AMATERU-IV)
1 60542U 24149CC  26189.81279651  .00003079  00000-0  22509-3 0  9992
2 60542  97.6667 268.7834 0004403  61.5447 298.6222 15.04360545103521
ARCTIC WEATHER SATELLITE
1 60543U 24149CD  26189.78066256  .00000618  00000-0  69970-4 0  9994
2 60543  97.6793 259.6278 0003307  64.1630 295.9929 14.89821552102512
CAPELLA-15 (ACADIA-5)
1 60544U 24149CE  26189.77779346  .00002013  00000-0  20207-3 0  9995
2 60544  97.6776 262.1397 0003387   8.7995 351.3283 14.92382217103077
HAWK-10B
1 60545U 24149CF  26190.16709294  .00001397  00000-0  12768-3 0  9993
2 60545  97.6812 265.0338 0006023  35.8014 324.3611 14.96582889103277
ICEYE-X39
1 60546U 24149CG  26189.75770551  .00002756  00000-0  22606-3 0  9993
2 60546  97.6770 266.4889 0006987  63.7023 296.4918 15.00041901103355
UMBRA-10
1 60547U 24149CH  26189.81468238  .00010309  00000-0  49974-3 0  9997
2 60547  97.6970 277.4291 0001196 174.7318 185.3929 15.18720503104017
ICEYE-X33
1 60548U 24149CJ  26189.76968319  .00003205  00000-0  25626-3 0  9992
2 60548  97.7339 268.7997 0001924  74.9418 285.2019 15.00930628103443
ICEYE-X40
1 60549U 24149CK  26190.14552809  .00001458  00000-0  12823-3 0  9993
2 60549  97.6804 266.2867 0004566  18.7432 341.3957 14.98041319103368
SATELIOT_1
1 60550U 24149CL  26189.73405984  .00001156  00000-0  10241-3 0  9996
2 60550  97.6731 265.2745 0006371  10.7659 349.3699 14.98148282103292
BRO-14
1 60551U 24149CM  26189.46234433  .00000498  00000-0  49245-4 0  9991
2 60551  97.6862 264.8578 0007328  36.5112 323.6608 14.96225728103171
SATELIOT_3
1 60552U 24149CN  26189.77679162  .00001269  00000-0  11192-3 0  9994
2 60552  97.6829 266.1274 0005738  31.0986 329.0576 14.98155698103315
BRO-15
1 60553U 24149CP  26189.77936978  .00000386  00000-0  39270-4 0  9993
2 60553  97.6797 264.7511 0008566  26.1337 334.0315 14.96221261103231
UM5-RIBAT
1 60554U 24149CQ  26190.06927776  .00001642  00000-0  13263-3 0  9993
2 60554  97.6612 267.5737 0001416  20.2563 339.8718 15.01200856103472
UM5-EOSAT
1 60555U 24149CR  26190.62836862  .00002491  00000-0  19604-3 0  9999
2 60555  97.6768 269.1105 0009250  50.6343 309.5700 15.01705086103581
LASARSAT
1 62391U 24247Q   26190.25332936  .00029396  00000-0  55885-3 0  9994
2 62391  44.9739 138.0904 0006560 123.7678 236.3838 15.47760337 86735
CROCUBE
1 62394U 24247T   26189.90057851  .00030882  00000-0  54549-3 0  9995
2 62394  44.9702 137.0377 0006664 127.4839 232.6659 15.49837294 86713
TEVEL2-4
1 63213U 25052D   26190.15084270  .00014785  00000-0  43161-3 0  9997
2 63213  97.3875  86.5872 0004043  63.9062 296.2597 15.35417814 73480
TEVEL2-5
1 63214U 25052E   26189.65245370  .00014062  00000-0  41324-3 0  9998
2 63214  97.3873  86.0291 0004130  66.2017 293.9660 15.35218873 73403
TEVEL2-6
1 63215U 25052F   26190.77333909  .00013669  00000-0  40184-3 0  9995
2 63215  97.3877  87.1376 0003968  66.9512 293.2149 15.35215103 73575
TEVEL2-1
1 63217U 25052H   26187.68057351  .00015226  00000-0  45647-3 0  9997
2 63217  97.3844  83.6383 0004748  76.8203 283.3570 15.34567986 73086
TEVEL2-3
1 63218U 25052J   26189.69578096  .00013069  00000-0  39085-3 0  9997
2 63218  97.3853  85.6806 0004447  73.4678 286.7053 15.34682438 73391
TEVEL2-2
1 63219U 25052K   26189.50651823  .00013021  00000-0  39012-3 0  9996
2 63219  97.3852  85.4689 0004705  73.9445 286.2316 15.34625790 73364
TEVEL2-9
1 63237U 25052AD  26189.64245198  .00012819  00000-0  40917-3 0  9995
2 63237  97.3915  84.9331 0008135  74.7614 285.4527 15.32589963 73319
TEVEL2-7
1 63238U 25052AE  26190.14472437  .00012598  00000-0  40596-3 0  9998
2 63238  97.3915  85.3410 0008177  73.4228 286.7911 15.32290225 73384
TEVEL2-8
1 63239U 25052AF  26189.69605479  .00011621  00000-0  37502-3 0  9990
2 63239  97.3912  84.8694 0008176  75.3495 284.8653 15.32263765 73310
FORESAIL-1 PRIME
1 66778U 25276DS  26190.00167946  .00003136  00000-0  15351-3 0  9998
2 66778  97.4190 262.8749 0003328  58.2823 301.8736 15.18903079 33713
